epoch,group,final_spearman,previous_spearman,topk_final_overlap,foreground_selection_ratio,background_selection_ratio,foreground_missing_ratio,foreground_area_ratio,foreground_coverage_retained,foreground_patch_count
0,0,-0.17029949293553032,,0.4406122448979592,0.23714286,0.76285714,0.41530696,0.20510204,0.57023793,40.2
0,1,-0.0447529507093056,,0.48183673469387756,0.20755102,0.79244894,0.47649556,0.20418367,0.52733076,40.02
0,2,-0.19619484134912923,,0.42,0.24306121,0.75693876,0.5192196,0.25816327,0.48015362,50.6
0,3,-0.1241261565863313,,0.44755102040816325,0.24836735,0.7516327,0.484505,0.24836735,0.5108462,48.68
1,0,0.14344825745348286,0.49475628271861344,0.5655102040816327,0.23306122,0.7669388,0.42740357,0.20510204,0.5649923,40.2
1,1,0.19416610312160945,0.466388440483233,0.5693877551020408,0.20877552,0.79122454,0.45404088,0.20418367,0.54074186,40.02
1,2,0.20236255321264643,0.40671600951349524,0.586530612244898,0.21959184,0.78040814,0.56455714,0.25816327,0.44137424,50.6
1,3,0.1959797728101525,0.37028743579578133,0.5720408163265307,0.2377551,0.7622449,0.5175229,0.24836735,0.48130053,48.68
2,0,0.41798732956673496,0.7914823076212778,0.6675510204081633,0.22816326,0.7718367,0.44117343,0.20510204,0.55666196,40.2
2,1,0.22522550980564035,0.712329564927639,0.5918367346938775,0.17938776,0.82061225,0.5350908,0.20418367,0.4612232,40.02
2,2,0.447325677947868,0.7209356104924318,0.6706122448979592,0.2502041,0.7497959,0.50090647,0.25816327,0.49747154,50.6
2,3,0.14166942660489873,0.6726903933586315,0.5497959183673469,0.23122449,0.76877546,0.53475606,0.24836735,0.46611962,48.68
3,0,0.40593766784339663,0.9374762090701176,0.6587755102040816,0.2322449,0.76775515,0.4291478,0.20510204,0.56910175,40.2
3,1,0.17047702985919083,0.8562200989728183,0.5763265306122449,0.19959183,0.8004082,0.48332164,0.20418367,0.5181545,40.02
3,2,0.393485902086322,0.9247625920608545,0.653061224489796,0.257551,0.742449,0.4828228,0.25816327,0.5151477,50.6
3,3,0.06558580152124359,0.8568292041533521,0.529795918367347,0.26693878,0.7330612,0.4571451,0.24836735,0.5398255,48.68
4,0,0.5606629106933676,0.8775915976699153,0.7283673469387755,0.24897958,0.75102043,0.3950185,0.20510204,0.59969246,40.2
4,1,0.1758890101921284,0.8011566910247113,0.586530612244898,0.1512245,0.8487755,0.61302924,0.20418367,0.392218,40.02
4,2,0.5356051606116871,0.8655463264225977,0.7167346938775511,0.29591838,0.70408165,0.4077251,0.25816327,0.5877048,50.6
4,3,0.0633732576540927,0.7825789033301723,0.5204081632653061,0.22653061,0.7734694,0.53017783,0.24836735,0.47192067,48.68
5,0,0.5088546725210975,0.9336579939277546,0.7038775510204082,0.24244899,0.757551,0.41561088,0.20510204,0.5813105,40.2
5,1,0.33325113754990476,0.6184397038784276,0.6422448979591837,0.22530612,0.7746939,0.4294893,0.20418367,0.567504,40.02
5,2,0.5117763947437625,0.8957626246125159,0.7053061224489796,0.30306122,0.69693875,0.3932026,0.25816327,0.6038952,50.6
5,3,0.2417712204559682,0.6312292232785344,0.6057142857142856,0.27612245,0.72387755,0.4248363,0.24836735,0.57290494,48.68
6,0,0.517223023531943,0.9414748384320538,0.7110204081632654,0.23285715,0.7671429,0.44299117,0.20510204,0.56041425,40.2
6,1,0.3301466104598809,0.6440670018886118,0.6206122448979592,0.27836734,0.7216326,0.29043856,0.20418367,0.69561106,40.02
6,2,0.49978710484584304,0.8895426372032609,0.702857142857143,0.29020408,0.7097959,0.41389504,0.25816327,0.58291316,50.6
6,3,0.2639453947639513,0.5442726294734996,0.6067346938775511,0.30591837,0.69408166,0.37868196,0.24836735,0.620273,48.68
7,0,0.3175810469443537,0.7282435591964236,0.6253061224489795,0.2212245,0.77877545,0.45614946,0.20510204,0.542936,40.2
7,1,0.36246348285507096,0.5377191626357688,0.6340816326530612,0.24020408,0.7597959,0.3785113,0.20418367,0.61271083,40.02
7,2,0.38979512148475165,0.7089667142139949,0.6512244897959184,0.30367348,0.6963265,0.3910095,0.25816327,0.6098375,50.6
7,3,0.313031344244021,0.5142438620118098,0.6155102040816327,0.2710204,0.7289796,0.4426966,0.24836735,0.55655324,48.68
8,0,0.60952214138291,0.6621245527496434,0.7442857142857143,0.22795917,0.7720408,0.4523189,0.20510204,0.5515649,40.2
8,1,0.3991423949509519,0.5051119699734639,0.6485714285714286,0.25959185,0.7404082,0.33814564,0.20418367,0.6498444,40.02
8,2,0.5875612045677311,0.679037365824893,0.7363265306122448,0.2879592,0.7120408,0.41729057,0.25816327,0.58284074,50.6
8,3,0.3785014662955891,0.5618369100080485,0.6608163265306122,0.27653062,0.7234694,0.41084775,0.24836735,0.58459145,48.68
9,0,0.5308881894030553,0.9049214831578865,0.7153061224489795,0.22346939,0.7765306,0.46094307,0.20510204,0.54380906,40.2
9,1,0.41222245774530036,0.6746751348723792,0.6477551020408163,0.29755104,0.70244896,0.24733229,0.20418367,0.7402427,40.02
9,2,0.5351580138498195,0.8633464287706493,0.7077551020408163,0.27510205,0.7248979,0.4331888,0.25816327,0.5655174,50.6
9,3,0.35677386544650597,0.6559125341663413,0.640204081632653,0.28836736,0.7116326,0.39800426,0.24836735,0.60181355,48.68
10,0,0.6129799424650766,0.8616199985656113,0.7532653061224489,0.2212245,0.77877545,0.4578755,0.20510204,0.54468644,40.2
10,1,0.4201042003681598,0.8077450294448119,0.6548979591836734,0.29755104,0.70244896,0.24421267,0.20418367,0.73786414,40.02
10,2,0.5650018407987951,0.7910478846751507,0.7175510204081632,0.2634694,0.7365306,0.46470284,0.25816327,0.5377727,50.6
10,3,0.34393358516058725,0.7695782737929221,0.6224489795918368,0.30857143,0.6914286,0.37217653,0.24836735,0.6234759,48.68
11,0,0.5717825148020942,0.895055981002319,0.7322448979591837,0.22489795,0.775102,0.4599866,0.20510204,0.546876,40.2
11,1,0.4153227794426631,0.7872854881914383,0.6532653061224489,0.29836735,0.7016326,0.25235283,0.20418367,0.7334056,40.02
11,2,0.5516654686864984,0.8146076867295142,0.7222448979591838,0.29530612,0.7046939,0.3887003,0.25816327,0.6050936,50.6
11,3,0.3405902002256841,0.7164597056315694,0.6302040816326531,0.2897959,0.71020406,0.39184335,0.24836735,0.605709,48.68
12,0,0.5559310537178558,0.8609436046187315,0.7251020408163265,0.22795917,0.7720408,0.45310822,0.20510204,0.54441375,40.2
12,1,0.4428529671923435,0.5318860961643412,0.6714285714285714,0.22755103,0.77244896,0.3988652,0.20418367,0.59146124,40.02
12,2,0.5402432404433855,0.832073886954235,0.7110204081632654,0.27836734,0.7216326,0.4352228,0.25816327,0.56427544,50.6
12,3,0.3465696004680697,0.47842877064922024,0.6171428571428571,0.24346939,0.7565306,0.4924646,0.24836735,0.5037544,48.68
13,0,0.5404485173999315,0.9680863183227215,0.7173469387755103,0.22061224,0.7793877,0.46998027,0.20510204,0.53177565,40.2
13,1,0.4751173409621561,0.8765397763947438,0.69,0.25530612,0.74469393,0.3408639,0.20418367,0.6424898,40.02
13,2,0.5283257656049534,0.9502683741204409,0.7057142857142857,0.26693878,0.7330612,0.45776328,0.25816327,0.5408616,50.6
13,3,0.3822632300727236,0.8698382487708086,0.6461224489795918,0.2579592,0.7420408,0.46582186,0.24836735,0.53173465,48.68
14,0,0.5995550207587916,0.9381315015658742,0.746938775510204,0.22979592,0.77020407,0.44520628,0.20510204,0.5507308,40.2
14,1,0.49117551339161203,0.7852822797217286,0.6851020408163265,0.27408162,0.72591835,0.30296117,0.20418367,0.6801692,40.02
14,2,0.572745180852505,0.9148825474742805,0.7318367346938776,0.27816325,0.7218367,0.43452108,0.25816327,0.5633971,50.6
14,3,0.38805264536479184,0.7137431009889313,0.6542857142857144,0.2812245,0.7187755,0.42145556,0.24836735,0.57561934,48.68
15,0,0.6024083067041733,0.91549847396983,0.7512244897959184,0.23469387,0.7653061,0.42980835,0.20510204,0.5688212,40.2
15,1,0.4932396824847782,0.6670676214316501,0.7022448979591838,0.22489795,0.775102,0.41895482,0.20418367,0.5754896,40.02
15,2,0.5892695933508116,0.8592239319781017,0.7440816326530613,0.29816326,0.7018367,0.38882673,0.25816327,0.6029022,50.6
15,3,0.374636810265211,0.6128802046394505,0.6422448979591837,0.2569388,0.74306124,0.44753766,0.24836735,0.54742026,48.68
16,0,0.5113598801488577,0.8466389245272494,0.7093877551020408,0.24408163,0.7559183,0.41171893,0.20510204,0.5794371,40.2
16,1,0.4729092749165265,0.6377766381030567,0.6775510204081633,0.27408162,0.72591835,0.305523,0.20418367,0.6807294,40.02
16,2,0.49831446580975225,0.7687865549968523,0.6965306122448979,0.30673468,0.6932653,0.37264484,0.25816327,0.6163597,50.6
16,3,0.43501375029775063,0.6337064762648519,0.6738775510204081,0.2802041,0.71979594,0.41434506,0.24836735,0.58157146,48.68
17,0,0.6843895162125765,0.8512741993322124,0.7846938775510205,0.2467347,0.7532653,0.40071625,0.20510204,0.59553725,40.2
17,1,0.4704953900341863,0.5561316450047414,0.6914285714285714,0.23122449,0.76877546,0.40684864,0.20418367,0.5857339,40.02
17,2,0.6602143614181323,0.7790528572225455,0.7685714285714286,0.3065306,0.6934694,0.37048584,0.25816327,0.61990744,50.6
17,3,0.3243999292993545,0.47025336085234565,0.6236734693877551,0.27367344,0.7263265,0.42787337,0.24836735,0.57388425,48.68
18,0,0.6196179426085154,0.92456374662321,0.7559183673469387,0.25387755,0.7461224,0.3832188,0.20510204,0.60734993,40.2
18,1,0.5190846050251416,0.6998168445042993,0.6965306122448979,0.26959184,0.7304082,0.3183032,0.20418367,0.67058045,40.02
18,2,0.603526715489007,0.8905412904716747,0.7477551020408163,0.32081634,0.67918366,0.34613323,0.25816327,0.6414016,50.6
18,3,0.4382484730270256,0.5833855716437297,0.6675510204081633,0.27816325,0.7218367,0.41707817,0.24836735,0.5801833,48.68
19,0,0.6985156308521066,0.9306989775996303,0.7975510204081633,0.25448978,0.74551016,0.3754505,0.20510204,0.6170834,40.2
19,1,0.49928605694523026,0.854391763421495,0.6883673469387754,0.25734693,0.7426531,0.3442662,0.20418367,0.6401582,40.02
19,2,0.6627117176718166,0.9126556507674423,0.7771428571428571,0.31183675,0.6881633,0.35829067,0.25816327,0.63265944,50.6
19,3,0.4261102143185822,0.7888295866569979,0.6648979591836734,0.28938776,0.71061224,0.41272503,0.24836735,0.5862637,48.68
20,0,0.7092628039110999,0.8999628652710596,0.7959183673469389,0.2565306,0.7434694,0.3618864,0.20510204,0.6249665,40.2
20,1,0.5489502324668049,0.7097636585722478,0.723265306122449,0.22775511,0.7722449,0.43059742,0.20418367,0.5658479,40.02
20,2,0.6936566783056213,0.8702310470795619,0.7834693877551021,0.30938777,0.69061226,0.3660612,0.25816327,0.6250758,50.6
20,3,0.4226074109316735,0.6718586068912678,0.6687755102040817,0.23040818,0.7695918,0.5175024,0.24836735,0.48643994,48.68
21,0,0.7071833228410458,0.8961359800460598,0.7995918367346938,0.24428572,0.75571424,0.39774185,0.20510204,0.5957025,40.2
21,1,0.5723629277742561,0.7335803101945012,0.7216326530612246,0.2632653,0.7367347,0.33483392,0.20418367,0.65242887,40.02
21,2,0.7034827594450509,0.8755417046533531,0.7906122448979592,0.2877551,0.71224487,0.41766042,0.25816327,0.57932794,50.6
21,3,0.4949055220510274,0.6988035399913523,0.7016326530612246,0.25734693,0.7426531,0.45582676,0.24836735,0.5412228,48.68
22,0,0.7522359728741165,0.8956908733036362,0.8106122448979591,0.25244898,0.747551,0.37817082,0.20510204,0.613972,40.2
22,1,0.5906267162858896,0.7419316411043627,0.7289795918367347,0.23408163,0.7659184,0.4044677,0.20418367,0.5865866,40.02
22,2,0.7307762114607655,0.8836458653746544,0.7993877551020409,0.3065306,0.6934694,0.3768759,0.25816327,0.6177189,50.6
22,3,0.5082789951438991,0.760413300682429,0.696734693877551,0.26265305,0.73734695,0.45410216,0.24836735,0.5471246,48.68
23,0,0.6822367856943636,0.9427773589717028,0.7842857142857143,0.24979591,0.7502041,0.3813274,0.20510204,0.61030483,40.2
23,1,0.5435013427471731,0.8033818741084876,0.709795918367347,0.23469387,0.7653061,0.40654278,0.20418367,0.5861617,40.02
23,2,0.6710893544454096,0.9222076516666801,0.7748979591836735,0.30591837,0.69408166,0.38213503,0.25816327,0.6136223,50.6
23,3,0.44895039902895306,0.7922371522603575,0.6689795918367346,0.26102042,0.7389796,0.46436715,0.24836735,0.5380885,48.68
24,0,0.6778913530269586,0.9515867048107802,0.7804081632653062,0.2544898,0.74551016,0.37696987,0.20510204,0.6176754,40.2
24,1,0.5304085935819076,0.6739936090015859,0.7036734693877551,0.24979591,0.7502041,0.36945984,0.20418367,0.6202034,40.02
24,2,0.6789970858018475,0.9291949728921262,0.7724489795918368,0.31469387,0.6853061,0.36306405,0.25816327,0.62743,50.6
24,3,0.4963120976032749,0.6547498187092096,0.700204081632653,0.27285716,0.7271429,0.43752784,0.24836735,0.5642943,48.68
25,0,0.6952415271458057,0.8937832638717338,0.7791836734693878,0.24632652,0.7536735,0.39350125,0.20510204,0.60028034,40.2
25,1,0.535960379991896,0.812524387032422,0.7065306122448979,0.27061224,0.72938776,0.31632188,0.20418367,0.666197,40.02
25,2,0.6868001816892317,0.9019992656836926,0.7759183673469389,0.30510205,0.694898,0.38554952,0.25816327,0.60926515,50.6
25,3,0.40695941767889715,0.7518273314792532,0.6559183673469388,0.272449,0.72755104,0.43403167,0.24836735,0.5658013,48.68
26,0,0.7080736319518046,0.9251971089099443,0.7946938775510205,0.24122448,0.7587755,0.4052707,0.20510204,0.59031767,40.2
26,1,0.4635743754843557,0.8121165819729244,0.6734693877551021,0.24265307,0.7573469,0.3898753,0.20418367,0.60208476,40.02
26,2,0.6776373135242925,0.916449146619034,0.7775510204081633,0.29183674,0.7081633,0.40984002,0.25816327,0.58464754,50.6
26,3,0.4273185275837063,0.8069127652622938,0.6724489795918367,0.25938776,0.74061227,0.45476884,0.24836735,0.5457291,48.68
27,0,0.6877937349090358,0.9486477699240571,0.7836734693877552,0.2510204,0.74897957,0.3841621,0.20510204,0.6114919,40.2
27,1,0.4678620755604077,0.7856761860837972,0.6724489795918367,0.2791837,0.7208164,0.2939036,0.20418367,0.69168204,40.02
27,2,0.6803267218640677,0.9126510767047491,0.7759183673469388,0.30530614,0.6946939,0.38819528,0.25816327,0.60350233,50.6
27,3,0.3709447700075168,0.782245009522747,0.643061224489796,0.2934694,0.70653063,0.4037717,0.24836735,0.5947836,48.68
28,0,0.7144245949844209,0.9535216951286567,0.7961224489795918,0.25061223,0.74938774,0.3850802,0.20510204,0.60953945,40.2
28,1,0.5219767379246926,0.9043022010312376,0.6940816326530613,0.26836735,0.7316326,0.31732774,0.20418367,0.66839164,40.02
28,2,0.7011397652383874,0.9415236076468854,0.7842857142857143,0.29897958,0.7010204,0.39682785,0.25816327,0.596127,50.6
28,3,0.42998148252557344,0.8661630262413439,0.6608163265306122,0.29040816,0.7095918,0.41007596,0.24836735,0.5875127,48.68
29,0,0.6905337360246715,0.9433159878555092,0.7893877551020408,0.24897958,0.75102043,0.38757613,0.20510204,0.6074615,40.2
29,1,0.5224826812131083,0.6071784839117192,0.7089795918367346,0.23673469,0.7632653,0.40509063,0.20418367,0.5872549,40.02
29,2,0.6773084812214617,0.9136747922128633,0.7795918367346938,0.29897958,0.7010204,0.39241514,0.25816327,0.602538,50.6
29,3,0.43552253396191404,0.6009701299393994,0.6779591836734694,0.24142857,0.7585714,0.48831984,0.24836735,0.5091938,48.68
30,0,0.48739685550127904,0.6937501454310737,0.673265306122449,0.25510204,0.7448979,0.37969273,0.20510204,0.61140996,40.2
30,1,0.47147950816406214,0.7443203230464932,0.679795918367347,0.2267347,0.7732653,0.43040857,0.20418367,0.5644793,40.02
30,2,0.4872318689287507,0.6847133374239973,0.6830612244897959,0.33306122,0.6669388,0.33525047,0.25816327,0.65266174,50.6
30,3,0.4701480184959863,0.7299910175086737,0.6824489795918367,0.23326531,0.7667347,0.49785176,0.24836735,0.50514203,48.68
31,0,0.5885573396871439,0.9243939787551101,0.7210204081632654,0.25040817,0.7495918,0.3809143,0.20510204,0.60677373,40.2
31,1,0.47427599231805173,0.655795583676657,0.6720408163265306,0.26775512,0.73224485,0.34257838,0.20418367,0.6447582,40.02
31,2,0.5643935006255528,0.8677487588553577,0.713265306122449,0.3042857,0.69571424,0.39493465,0.25816327,0.5973438,50.6
31,3,0.4105503704753287,0.6434222282431129,0.6475510204081633,0.2710204,0.7289796,0.44227895,0.24836735,0.5550424,48.68
32,0,0.7293597367099904,0.9039872817537793,0.7959183673469387,0.25489795,0.745102,0.3726053,0.20510204,0.6197335,40.2
32,1,0.5903262915474663,0.809648781964953,0.72,0.26489794,0.735102,0.3391936,0.20418367,0.6479673,40.02
32,2,0.7307285897568712,0.8725471077146204,0.7955102040816326,0.30755103,0.692449,0.3840541,0.25816327,0.6080264,50.6
32,3,0.5104656508966897,0.8455402784307787,0.6810204081632654,0.28530613,0.7146939,0.42084745,0.24836735,0.57538086,48.68
33,0,0.7367278406872316,0.9717819410466256,0.8014285714285714,0.2589796,0.74102044,0.36050546,0.20510204,0.6308174,40.2
33,1,0.5772714102431289,0.8470323295268908,0.7179591836734694,0.2377551,0.7622449,0.40018228,0.20418367,0.5928978,40.02
33,2,0.7177265895815569,0.9477356581054913,0.7889795918367346,0.3110204,0.68897957,0.37124836,0.25816327,0.61922055,50.6
33,3,0.5591714874575502,0.8201822629871941,0.7244897959183674,0.26530612,0.7346939,0.4448378,0.24836735,0.55151063,48.68
34,0,0.6733535529010511,0.9444433854760179,0.7693877551020408,0.26142856,0.7385714,0.35662642,0.20510204,0.63201076,40.2
34,1,0.5502969662679598,0.7360563874124425,0.7059183673469387,0.28632653,0.7136735,0.28425083,0.20418367,0.7005403,40.02
34,2,0.6591383467873677,0.8836508060467452,0.7638775510204081,0.31244898,0.687551,0.37737632,0.25816327,0.6112012,50.6
34,3,0.4811256430799211,0.7168123421176358,0.6761224489795918,0.302449,0.697551,0.37962463,0.24836735,0.6168361,48.68
35,0,0.6187970260341544,0.9441941843508197,0.7481632653061224,0.25469387,0.7453061,0.37667626,0.20510204,0.6181072,40.2
35,1,0.5040707312991577,0.4503103538955606,0.6944897959183673,0.20183674,0.7981633,0.48210186,0.20418367,0.5169434,40.02
35,2,0.6169911944473221,0.8402558311883911,0.7463265306122449,0.30816326,0.6918367,0.380579,0.25816327,0.60997283,50.6
35,3,0.4404264349211273,0.4230756480647706,0.6677551020408162,0.24,0.76,0.5005975,0.24836735,0.50126135,48.68
36,0,0.7350974507725776,0.9397491413590037,0.7973469387755102,0.25387755,0.7461224,0.3709103,0.20510204,0.6206967,40.2
36,1,0.6092765421670425,0.723593334873973,0.7263265306122448,0.23163265,0.7683673,0.41410542,0.20418367,0.57648396,40.02
36,2,0.71996245089211,0.9246293141231503,0.7906122448979592,0.30551022,0.69448984,0.37660903,0.25816327,0.6153547,50.6
36,3,0.5384764466331052,0.7399421463235821,0.7010204081632654,0.27040818,0.72959185,0.44607213,0.24836735,0.5521122,48.68
37,0,0.6950027492449538,0.9498290686833109,0.783061224489796,0.25285715,0.74714285,0.37543923,0.20510204,0.61549467,40.2
37,1,0.5834810063033413,0.6959439313405956,0.7344897959183673,0.24408163,0.7559183,0.39044166,0.20418367,0.6037709,40.02
37,2,0.6999564264596897,0.9296294017802357,0.7795918367346938,0.3063265,0.6936735,0.38412753,0.25816327,0.607356,50.6
37,3,0.529508792231555,0.6938261680306641,0.7134693877551022,0.26204082,0.7379592,0.45016995,0.24836735,0.551261,48.68
38,0,0.7539058881654965,0.9769330857684737,0.8085714285714286,0.2579592,0.7420408,0.36140573,0.20510204,0.62903154,40.2
38,1,0.5684185546143486,0.7433580632565405,0.7153061224489796,0.27530614,0.7246939,0.30309355,0.20418367,0.6846278,40.02
38,2,0.7403793479906605,0.9286185721457657,0.7926530612244898,0.30183673,0.6981633,0.39337584,0.25816327,0.60076165,50.6
38,3,0.5224591700227509,0.7993191116352828,0.7073469387755102,0.2957143,0.70428574,0.38786754,0.24836735,0.6111,48.68
39,0,0.6869728502099786,0.949499669293723,0.7857142857142857,0.26244897,0.73755103,0.35256374,0.20510204,0.637882,40.2
39,1,0.6185528181446867,0.7852553196926677,0.736938775510204,0.26510203,0.7348979,0.33912444,0.20418367,0.64933014,40.02
39,2,0.6944155105228347,0.9276520810588975,0.7806122448979592,0.32122448,0.6787755,0.36102265,0.25816327,0.6299802,50.6
39,3,0.5397241206591726,0.7971088143183864,0.7075510204081632,0.28816327,0.7118367,0.40539256,0.24836735,0.59020835,48.68
40,0,0.6896948954741084,0.9520664995214682,0.7826530612244897,0.25061223,0.74938774,0.37720937,0.20510204,0.6158857,40.2
40,1,0.5947152021292703,0.7266180525997684,0.7455102040816327,0.2444898,0.75551015,0.38416272,0.20418367,0.609441,40.02
40,2,0.6911583644781614,0.9148082780163999,0.780204081632653,0.30367348,0.6963265,0.38830575,0.25816327,0.6022812,50.6
40,3,0.5537597626521812,0.7069052745658982,0.7206122448979592,0.27163264,0.7283673,0.42672744,0.24836735,0.5723127,48.68
41,0,0.7655074787431567,0.9536139499954301,0.8151020408163265,0.25918368,0.74081635,0.36007845,0.20510204,0.63043445,40.2
41,1,0.6342434387292673,0.8132634171393418,0.7485714285714287,0.25612247,0.7438776,0.3564201,0.20418367,0.6288496,40.02
41,2,0.7693137406465905,0.9397709440668106,0.812857142857143,0.31142858,0.6885714,0.37966996,0.25816327,0.61164576,50.6
41,3,0.5710078242026343,0.8045982994525417,0.7214285714285714,0.2769388,0.7230612,0.41456124,0.24836735,0.5806298,48.68
42,0,0.7347286535074788,0.9610896572607958,0.8036734693877551,0.2612245,0.7387755,0.3540213,0.20510204,0.6348309,40.2
42,1,0.66870817362478,0.8631716322450713,0.7689795918367346,0.2597959,0.7402041,0.35082367,0.20418367,0.6394903,40.02
42,2,0.7472228543931984,0.9440914736366479,0.807142857142857,0.32714286,0.6728571,0.34488925,0.25816327,0.6426138,50.6
42,3,0.5495573069921835,0.8187147239997131,0.7165306122448979,0.28591835,0.71408165,0.4143043,0.24836735,0.586733,48.68
43,0,0.7652581501167433,0.9780330387524007,0.8136734693877551,0.2569388,0.74306124,0.36144772,0.20510204,0.6271583,40.2
43,1,0.6854900656447174,0.7597205569467796,0.7636734693877552,0.2710204,0.7289796,0.31887758,0.20418367,0.6680922,40.02
43,2,0.7691144562471611,0.946553649832769,0.8155102040816327,0.30795917,0.6920408,0.38680676,0.25816327,0.6070068,50.6
43,3,0.5953799824895873,0.7873260923268175,0.7326530612244898,0.28938776,0.71061224,0.40397683,0.24836735,0.5954563,48.68
44,0,0.7573955645514746,0.9546070173481341,0.8134693877551021,0.26693878,0.7330612,0.33748192,0.20510204,0.64598346,40.2
44,1,0.6797560264246268,0.7322433916458124,0.786734693877551,0.26081634,0.73918366,0.3560911,0.20418367,0.63503695,40.02
44,2,0.7590373339495892,0.9147180071560057,0.8063265306122449,0.3277551,0.67224485,0.3386821,0.25816327,0.64852655,50.6
44,3,0.6625727638329267,0.7210538519128887,0.7669387755102041,0.28489795,0.715102,0.40838218,0.24836735,0.58715487,48.68
45,0,0.7953794197100942,0.9407272031811553,0.8293877551020408,0.26081634,0.73918366,0.35184735,0.20510204,0.6331398,40.2
45,1,0.6954649800589036,0.8157775498122645,0.7816326530612245,0.25612247,0.7438776,0.35196576,0.20418367,0.636324,40.02
45,2,0.7816303261640463,0.9339223676975671,0.8222448979591838,0.31204084,0.6879592,0.3759297,0.25816327,0.6152368,50.6
45,3,0.6509889385625676,0.8218374590055681,0.7577551020408163,0.26020408,0.7397959,0.4495183,0.24836735,0.5464473,48.68
46,0,0.8180939524579844,0.9620296918455005,0.8475510204081632,0.26816326,0.7318367,0.3376,0.20510204,0.6457492,40.2
46,1,0.6769216653916472,0.8658867148190486,0.7759183673469388,0.24836735,0.7516327,0.3727585,0.20418367,0.6186388,40.02
46,2,0.8153837866267163,0.9568921578783798,0.836938775510204,0.32285714,0.67714286,0.35264573,0.25816327,0.63878584,50.6
46,3,0.6138345585884891,0.8459702125285881,0.7357142857142857,0.2844898,0.7155102,0.40454715,0.24836735,0.5911423,48.68
47,0,0.8241057303827426,0.9768223509630326,0.8422448979591838,0.26285714,0.73714286,0.3452301,0.20510204,0.63881963,40.2
47,1,0.7089751611695049,0.8125691254849144,0.7769387755102041,0.26387754,0.7361224,0.33997163,0.20418367,0.6447522,40.02
47,2,0.8113465881471683,0.9714657380328157,0.8326530612244898,0.31755102,0.682449,0.3600115,0.25816327,0.63268477,50.6
47,3,0.6487732066063174,0.87504294400306,0.7565306122448979,0.2755102,0.7244898,0.42364547,0.24836735,0.5727496,48.68
48,0,0.8629637657483923,0.9266445983313278,0.859795918367347,0.25918368,0.74081635,0.35653684,0.20510204,0.63043123,40.2
48,1,0.6712258196711198,0.7751387689572529,0.7691836734693878,0.28387755,0.71612245,0.29427266,0.20418367,0.6897798,40.02
48,2,0.8413049111874348,0.9115531082405629,0.8553061224489795,0.30367348,0.6963265,0.38292772,0.25816327,0.61005014,50.6
48,3,0.555103402871382,0.7620315724884253,0.7144897959183674,0.29020408,0.7097959,0.38993222,0.24836735,0.60890746,48.68
49,0,0.8297245176868091,0.9403651316051607,0.8444897959183674,0.25163266,0.7483673,0.37959707,0.20510204,0.6137794,40.2
49,1,0.7254142116042044,0.7629992029500621,0.7863265306122449,0.26081634,0.73918366,0.3531996,0.20418367,0.6305139,40.02
49,2,0.8357563133023612,0.9232126481205525,0.8465306122448979,0.29836735,0.7016327,0.4005025,0.25816327,0.5949585,50.6
49,3,0.6281021035164724,0.7180802142020416,0.7487755102040816,0.28510204,0.714898,0.40827408,0.24836735,0.5886411,48.68
50,0,0.8125165392982652,0.9709987329566735,0.8381632653061224,0.25040814,0.7495918,0.37795138,0.20510204,0.61450964,40.2
50,1,0.6875544522124994,0.8316386023311635,0.7663265306122449,0.25061223,0.74938774,0.37476337,0.20418367,0.61403036,40.02
50,2,0.803586736686084,0.9566231303142108,0.8326530612244898,0.29938775,0.70061225,0.4003521,0.25816327,0.5937322,50.6
50,3,0.5909414262525273,0.8721509764926378,0.7316326530612245,0.28571427,0.71428573,0.4060746,0.24836735,0.590369,48.68
51,0,0.845700196830001,0.939948266381914,0.8493877551020408,0.2557143,0.74428576,0.36217776,0.20510204,0.6246381,40.2
51,1,0.7253786068898469,0.8418427018625378,0.8014285714285714,0.2422449,0.7577551,0.3911041,0.20418367,0.5985328,40.02
51,2,0.827316179107332,0.9357008183984253,0.8448979591836735,0.30673468,0.6932653,0.38628033,0.25816327,0.605016,50.6
51,3,0.6898240239418781,0.8117323580462209,0.7687755102040816,0.26734695,0.732653,0.44049197,0.24836735,0.5566564,48.68
52,0,0.8437390050123915,0.9615762018981744,0.8563265306122448,0.25918368,0.74081635,0.3580219,0.20510204,0.6327433,40.2
52,1,0.7622989106614922,0.8428860537576999,0.8118367346938775,0.2555102,0.74448985,0.3610617,0.20418367,0.62602615,40.02
52,2,0.8269550956657555,0.9571858888030026,0.8455102040816327,0.3132653,0.6867347,0.36650985,0.25816327,0.62247396,50.6
52,3,0.6774881379669614,0.8488424324044338,0.7655102040816327,0.27265307,0.72734696,0.42399487,0.24836735,0.56803286,48.68
53,0,0.8818455398195776,0.9747326616453151,0.8697959183673469,0.25367346,0.7463265,0.36764255,0.20510204,0.6214964,40.2
53,1,0.7867451330395493,0.9276929770736878,0.8206122448979591,0.26795918,0.73204076,0.34007835,0.20418367,0.6499207,40.02
53,2,0.8747964841539896,0.966241120735682,0.8708163265306123,0.30061224,0.6993877,0.39797002,0.25816327,0.5984899,50.6
53,3,0.7106091441603458,0.8651538222473683,0.7859183673469388,0.28571427,0.71428573,0.40167615,0.24836735,0.5893187,48.68
54,0,0.8777638836870163,0.970642534240902,0.8657142857142857,0.24714285,0.75285715,0.38961792,0.20510204,0.6034523,40.2
54,1,0.7003703910302894,0.8435909442261871,0.7885714285714286,0.24387754,0.7561224,0.38685554,0.20418367,0.603172,40.02
54,2,0.8499409191243853,0.9628367745380073,0.8579591836734695,0.29877552,0.7012245,0.39668515,0.25816327,0.5973902,50.6
54,3,0.6406812303553754,0.8380400194439354,0.7510204081632653,0.27306122,0.7269388,0.433379,0.24836735,0.5626543,48.68
55,0,0.905616332905673,0.9618654702802636,0.8846938775510205,0.24632652,0.7536735,0.38885692,0.20510204,0.59988403,40.2
55,1,0.7567189474774682,0.8563183705344691,0.8130612244897959,0.26367348,0.7363265,0.34931555,0.20418367,0.6371861,40.02
55,2,0.8724571237319606,0.953581174445569,0.8689795918367347,0.2955102,0.7044898,0.40258363,0.25816327,0.588804,50.6
55,3,0.696818660840964,0.8294414968642669,0.7795918367346938,0.26530612,0.7346939,0.4403647,0.24836735,0.556505,48.68
56,0,0.8729267744583191,0.9323430101443154,0.8736734693877551,0.2557143,0.74428576,0.36699155,0.20510204,0.6225573,40.2
56,1,0.7821516347888219,0.8597573714249184,0.806734693877551,0.26163265,0.7383673,0.35177857,0.20418367,0.6388081,40.02
56,2,0.8721667397142379,0.9180715759947087,0.8657142857142857,0.3012245,0.6987755,0.39852482,0.25816327,0.59618044,50.6
56,3,0.6786802262656644,0.8428459227502012,0.7669387755102041,0.28265306,0.71734697,0.41344392,0.24836735,0.58433664,48.68
57,0,0.9094626939413017,0.9534208097920933,0.8857142857142857,0.2567347,0.74326533,0.3646714,0.20510204,0.6221767,40.2
57,1,0.7485173680561643,0.8517178632065157,0.8155102040816327,0.2579592,0.7420408,0.3589005,0.20418367,0.63078696,40.02
57,2,0.8729920869558287,0.9393863047757174,0.8702040816326531,0.30530614,0.6946939,0.38279855,0.25816327,0.60828674,50.6
57,3,0.6562129505695546,0.8109171321789161,0.7589795918367347,0.27306122,0.7269388,0.43455616,0.24836735,0.5634202,48.68
58,0,0.9008925085067218,0.9824470670736081,0.88,0.26061225,0.73938775,0.3534584,0.20510204,0.6334425,40.2
58,1,0.7258385037732391,0.919976986030648,0.7928571428571429,0.25142857,0.7485714,0.3637529,0.20418367,0.62180203,40.02
58,2,0.8635816366374742,0.9793887910494147,0.8655102040816327,0.31040817,0.6895918,0.37154332,0.25816327,0.6184094,50.6
58,3,0.6646297753588769,0.9373701039548012,0.7591836734693878,0.26632652,0.73367345,0.4402747,0.24836735,0.5545053,48.68
59,0,0.9157893361171099,0.9675941317565683,0.896530612244898,0.26040816,0.73959184,0.35285914,0.20510204,0.63268983,40.2
59,1,0.7529357314186901,0.8603203149280018,0.812857142857143,0.2597959,0.7402041,0.37097335,0.20418367,0.6198166,40.02
59,2,0.8941468654623114,0.954890261297803,0.8773469387755103,0.31285715,0.68714285,0.37406787,0.25816327,0.6169324,50.6
59,3,0.7218066680883578,0.8612171981091457,0.7859183673469389,0.272449,0.72755104,0.4324333,0.24836735,0.56361914,48.68
60,0,0.9282204496011603,0.9595537457466392,0.9051020408163265,0.26081634,0.73918366,0.35548466,0.20510204,0.6290402,40.2
60,1,0.7825789989560837,0.8257583692594569,0.8226530612244898,0.2679592,0.73204076,0.32611856,0.20418367,0.6609625,40.02
60,2,0.9081218911617751,0.9407435870873144,0.8906122448979592,0.31816328,0.6818367,0.35900003,0.25816327,0.6283952,50.6
60,3,0.6710751934280108,0.8091675605033111,0.756938775510204,0.29795918,0.7020408,0.37782276,0.24836735,0.6144404,48.68
61,0,0.9388084692682227,0.9750226075592283,0.9091836734693878,0.2555102,0.74448985,0.36229688,0.20510204,0.6232146,40.2
61,1,0.8030812262429375,0.9219568567762911,0.8342857142857143,0.27122447,0.7287755,0.3184313,0.20418367,0.6672927,40.02
61,2,0.9238325271537744,0.965646104439433,0.9034693877551021,0.30142856,0.6985714,0.39755845,0.25816327,0.59409565,50.6
61,3,0.715492775835706,0.8992405071360836,0.7889795918367346,0.29040816,0.7095918,0.4028999,0.24836735,0.5954885,48.68
62,0,0.9232867582019141,0.9676523360613281,0.9055102040816326,0.26591837,0.7340816,0.33856913,0.20510204,0.64516187,40.2
62,1,0.7927082255455739,0.8409326153245147,0.826734693877551,0.2522449,0.7477551,0.3675829,0.20418367,0.6243119,40.02
62,2,0.9145706476264851,0.9594970077058547,0.8975510204081633,0.31469387,0.6853061,0.37376556,0.25816327,0.61796457,50.6
62,3,0.7611059693215694,0.8182735379196583,0.8042857142857143,0.28469387,0.7153061,0.40884423,0.24836735,0.5828507,48.68
63,0,0.9329773605654679,0.943386017897983,0.9046938775510205,0.25061223,0.74938774,0.3776496,0.20510204,0.6122759,40.2
63,1,0.798021818645459,0.8291279464094106,0.8295918367346938,0.2544898,0.74551016,0.36120117,0.20418367,0.6270565,40.02
63,2,0.904953677214736,0.9368222234618173,0.8928571428571429,0.29306123,0.7069388,0.41477144,0.25816327,0.5801825,50.6
63,3,0.7622176362359318,0.8376959574145941,0.8026530612244898,0.27571428,0.7242857,0.42790136,0.24836735,0.56921357,48.68
64,0,0.9418958793200997,0.9687793830534948,0.9181632653061225,0.25959182,0.7404082,0.35542002,0.20510204,0.6302886,40.2
64,1,0.8018157129310138,0.8584422857780364,0.8367346938775511,0.26244897,0.73755103,0.34439877,0.20418367,0.6438139,40.02
64,2,0.9297137757094248,0.9568320091800875,0.9063265306122449,0.30734694,0.69265306,0.39027485,0.25816327,0.6037081,50.6
64,3,0.6970319135762579,0.8663419977259097,0.7687755102040816,0.2830612,0.7169388,0.41600266,0.24836735,0.58319676,48.68
65,0,0.9501467698364,0.9860802460773455,0.923265306122449,0.26285714,0.73714286,0.34498572,0.20510204,0.63824946,40.2
65,1,0.8011833706540016,0.8873472575285483,0.8340816326530613,0.2557143,0.74428576,0.35643864,0.20418367,0.6291964,40.02
65,2,0.9162008144140124,0.9638561467538987,0.8985714285714286,0.31061223,0.68938774,0.38565212,0.25816327,0.60492873,50.6
65,3,0.7605216790122253,0.8850708904084514,0.8022448979591837,0.2844898,0.7155102,0.4096005,0.24836735,0.5873746,48.68
66,0,0.9537489660448325,0.9786919331574879,0.9255102040816326,0.26857144,0.7314286,0.33397493,0.20510204,0.65035653,40.2
66,1,0.773761748041661,0.7702328650319948,0.8342857142857143,0.24571428,0.75428575,0.39219844,0.20418367,0.5995577,40.02
66,2,0.9322038744431782,0.9537802357178716,0.9116326530612245,0.3197959,0.6802041,0.36342275,0.25816327,0.6269608,50.6
66,3,0.7019707621347004,0.830620883105292,0.7742857142857144,0.27285716,0.7271429,0.43580207,0.24836735,0.56323594,48.68
67,0,0.9326007219756314,0.962339041668991,0.913061224489796,0.26163265,0.7383673,0.34820628,0.20510204,0.63549477,40.2
67,1,0.7906511965192168,0.7812260198105014,0.8287755102040816,0.26204082,0.7379592,0.34394616,0.20418367,0.64550805,40.02
67,2,0.904536365737236,0.938572719521233,0.8948979591836735,0.3110204,0.68897957,0.38117868,0.25816327,0.6095327,50.6
67,3,0.7254030789014426,0.8524434492266255,0.7824489795918368,0.2889796,0.7110204,0.4069494,0.24836735,0.58758426,48.68
68,0,0.9416387093689487,0.9833519431982086,0.9179591836734694,0.26591837,0.7340816,0.33846033,0.20510204,0.6454151,40.2
68,1,0.8573060268230681,0.8303869183753158,0.8651020408163265,0.24183674,0.7581633,0.39471698,0.20418367,0.5936401,40.02
68,2,0.9092817378415639,0.9335082437504483,0.8995918367346938,0.3112245,0.6887755,0.3768928,0.25816327,0.61239636,50.6
68,3,0.8339297451636789,0.8075715238430595,0.846938775510204,0.2642857,0.73571426,0.44990525,0.24836735,0.5472354,48.68
69,0,0.9390922232227525,0.9898052578313637,0.9206122448979592,0.26959184,0.7304082,0.33021858,0.20510204,0.6527102,40.2
69,1,0.8259668337463841,0.9023579437241511,0.8520408163265306,0.2532653,0.7467347,0.3730519,0.20418367,0.61679256,40.02
69,2,0.9274023699288384,0.9685422945437449,0.9071428571428573,0.31959182,0.6804082,0.36075774,0.25816327,0.62891424,50.6
69,3,0.7627018860698074,0.8783762638968565,0.8075510204081633,0.27183673,0.7281633,0.4420694,0.24836735,0.5554811,48.68
70,0,0.9662519264636741,0.9771272063686857,0.9320408163265306,0.26632652,0.73367345,0.3400414,0.20510204,0.64352465,40.2
70,1,0.8907163177649037,0.9357026671660463,0.8873469387755102,0.25918368,0.74081635,0.3552339,0.20418367,0.6315878,40.02
70,2,0.9507692626445347,0.9720641331112687,0.9238775510204081,0.31469387,0.6853061,0.36872402,0.25816327,0.62043273,50.6
70,3,0.8669509914380383,0.9133380296280948,0.8622448979591837,0.26857144,0.7314286,0.44186288,0.24836735,0.5533686,48.68
71,0,0.9638872889257226,0.9861768919985019,0.933265306122449,0.26204082,0.7379592,0.3489825,0.20510204,0.6378249,40.2
71,1,0.8612616882754663,0.9089407039660847,0.8708163265306123,0.24469388,0.75530607,0.39646846,0.20418367,0.5950442,40.02
71,2,0.9481201061447616,0.967549888834878,0.9242857142857143,0.30714285,0.69285715,0.3829659,0.25816327,0.6060468,50.6
71,3,0.8256090253379368,0.9285550765405733,0.8371428571428571,0.2569388,0.74306124,0.46535203,0.24836735,0.53153247,48.68
72,0,0.9723386113523894,0.9884999003896756,0.943265306122449,0.26204082,0.7379592,0.34862438,0.20510204,0.63816607,40.2
72,1,0.8899204870546423,0.9473332323948712,0.8810204081632653,0.24979591,0.7502041,0.3782162,0.20418367,0.6147779,40.02
72,2,0.958935747356342,0.9782896349480831,0.9320408163265306,0.31163266,0.6883673,0.37614936,0.25816327,0.61499906,50.6
72,3,0.8389782998827093,0.9007276413148998,0.85,0.2742857,0.72571427,0.43237716,0.24836735,0.56604785,48.68
73,0,0.9755796603686379,0.9848454286829922,0.9495918367346938,0.2657143,0.7342857,0.33805984,0.20510204,0.64592904,40.2
73,1,0.9263724867013022,0.9082580702635987,0.9104081632653062,0.2655102,0.7344898,0.34002587,0.20418367,0.64721763,40.02
73,2,0.9707593175497453,0.9763271999936249,0.9393877551020409,0.31244898,0.687551,0.3790429,0.25816327,0.61090606,50.6
73,3,0.898383601295979,0.8942999612484468,0.8802040816326531,0.2802041,0.71979594,0.4265018,0.24836735,0.56819814,48.68
74,0,0.9793285467252111,0.9872064324363091,0.9551020408163265,0.2655102,0.7344898,0.34177235,0.20510204,0.6431844,40.2
74,1,0.8014380224561515,0.7906350861220655,0.839795918367347,0.25081632,0.74918365,0.3846049,0.20418367,0.60891724,40.02
74,2,0.9460014503263234,0.9580807242069027,0.9291836734693878,0.3132653,0.6867347,0.3760888,0.25816327,0.61447287,50.6
74,3,0.8106390120615835,0.858369598534358,0.8304081632653062,0.2810204,0.7189796,0.42020118,0.24836735,0.57596457,48.68
75,0,0.9762546836774538,0.9835599614308823,0.9477551020408163,0.26285714,0.73714286,0.34839994,0.20510204,0.6379784,40.2
75,1,0.9285744567252907,0.8589624588609359,0.9128571428571429,0.25142857,0.7485714,0.38107452,0.20418367,0.6113786,40.02
75,2,0.9644317191148228,0.9666011522922328,0.9395918367346938,0.31469387,0.6853061,0.37429062,0.25816327,0.6170921,50.6
75,3,0.8752700793275737,0.8446591812828216,0.8665306122448979,0.2569388,0.74306124,0.46604115,0.24836735,0.53132457,48.68
76,0,0.9784057885551722,0.9897720118894883,0.9553061224489795,0.26714286,0.7328571,0.33556786,0.20510204,0.64910066,40.2
76,1,0.9331033955167385,0.9414525257193858,0.9114285714285714,0.26632652,0.73367345,0.34033853,0.20418367,0.649384,40.02
76,2,0.9674637936392831,0.9821048856871917,0.9385714285714286,0.31591836,0.6840817,0.36888474,0.25816327,0.62016207,50.6
76,3,0.9019275295234561,0.9189782604853002,0.8818367346938776,0.2722449,0.7277551,0.43385574,0.24836735,0.56452656,48.68
77,0,0.9886498418188049,0.9855987058626653,0.9644897959183674,0.26020408,0.7397959,0.35533124,0.20510204,0.63229847,40.2
77,1,0.9089659810820072,0.9174385962116202,0.8977551020408163,0.24714287,0.75285715,0.38791028,0.20418367,0.6050262,40.02
77,2,0.9745277434675549,0.9772032608435799,0.9526530612244898,0.31183675,0.6881633,0.3769208,0.25816327,0.6131414,50.6
77,3,0.9290310289239037,0.9411837443047577,0.9034693877551021,0.26306123,0.7369388,0.45234624,0.24836735,0.544047,48.68
78,0,0.9892060339950115,0.9953678808501144,0.9657142857142857,0.2612245,0.7387755,0.3538426,0.20510204,0.6332856,40.2
78,1,0.9226114798906677,0.9362629712564449,0.906734693877551,0.24959183,0.7504082,0.38130152,0.20418367,0.6105598,40.02
78,2,0.9598108200718788,0.9681898811848051,0.94,0.30183673,0.6981633,0.39939952,0.25816327,0.5922585,50.6
78,3,0.909580782877495,0.9507024434640118,0.8885714285714286,0.2634694,0.7365306,0.45213318,0.24836735,0.542163,48.68
79,0,0.9873533775868801,0.9948186056148347,0.9634693877551019,0.26387754,0.7361224,0.34788254,0.20510204,0.63915884,40.2
79,1,0.9241849086374104,0.9475739546892556,0.910204081632653,0.2577551,0.7422449,0.36188346,0.20418367,0.6303097,40.02
79,2,0.9812067352516953,0.9745854696427575,0.9518367346938775,0.31,0.69,0.3809864,0.25816327,0.6107314,50.6
79,3,0.9097966275242537,0.9516616116319747,0.8867346938775511,0.26857144,0.7314285,0.4439963,0.24836735,0.5508366,48.68
80,0,0.9902567715098535,0.9923288256341194,0.9630612244897959,0.26183674,0.7381633,0.35143802,0.20510204,0.6346772,40.2
80,1,0.9403082023125533,0.9585220059128688,0.9206122448979592,0.2567347,0.74326533,0.36145467,0.20418367,0.6296971,40.02
80,2,0.9819821020169098,0.9861706444389549,0.9540816326530611,0.30836734,0.6916326,0.38201562,0.25816327,0.6089431,50.6
80,3,0.9410219460122258,0.9430424339981991,0.9118367346938776,0.2720408,0.7279592,0.43323648,0.24836735,0.5594036,48.68
81,0,0.9910118974571476,0.9941250627545044,0.9681632653061224,0.26367348,0.7363265,0.3460194,0.20510204,0.6392023,40.2
81,1,0.9471506187793353,0.9538452932129509,0.927142857142857,0.25714287,0.74285716,0.36406133,0.20418367,0.6261224,40.02
81,2,0.9853086724732845,0.9823080269983824,0.9573469387755102,0.31265306,0.68734694,0.37103558,0.25816327,0.61750877,50.6
81,3,0.947477842629765,0.9389181840639418,0.9269387755102041,0.26734695,0.732653,0.45175332,0.24836735,0.5477879,48.68
82,0,0.9929130043270724,0.9957551657914239,0.970204081632653,0.26285714,0.73714286,0.34946337,0.20510204,0.63690925,40.2
82,1,0.9693354477284862,0.9604138370693847,0.9479591836734694,0.257551,0.742449,0.3676507,0.20418367,0.6245748,40.02
82,2,0.9820970124871502,0.9897780363219087,0.9561224489795919,0.31816328,0.6818367,0.36810824,0.25816327,0.62158227,50.6
82,3,0.951111108674221,0.9383160514959262,0.9151020408163265,0.26244897,0.73755103,0.4553977,0.24836735,0.54221636,48.68
83,0,0.9921632015555149,0.9966726964116377,0.9689795918367347,0.26367348,0.7363265,0.34737542,0.20510204,0.63991326,40.2
83,1,0.9259032106399764,0.9502812198678768,0.9106122448979592,0.24897958,0.75102043,0.38549954,0.20418367,0.6046737,40.02
83,2,0.964790156906183,0.963407852481094,0.9446938775510203,0.31163266,0.6883673,0.3721228,0.25816327,0.61713064,50.6
83,3,0.9466050011493242,0.9603092937382365,0.9140816326530613,0.26510203,0.7348979,0.44983977,0.24836735,0.5440552,48.68
84,0,0.9939482504442619,0.9970413024249137,0.9720408163265306,0.26408163,0.73591834,0.3466368,0.20510204,0.6398162,40.2
84,1,0.9558655180932193,0.8919986612372399,0.9381632653061225,0.25469387,0.7453061,0.3689751,0.20418367,0.6201114,40.02
84,2,0.9879905649100718,0.9622453282757851,0.9636734693877551,0.31755102,0.682449,0.3662424,0.25816327,0.62213993,50.6
84,3,0.9657957509232036,0.9420920718150595,0.9353061224489795,0.2634694,0.7365306,0.45325193,0.24836735,0.541404,48.68
85,0,0.9948662910693368,0.9984512108631036,0.9755102040816327,0.26285714,0.73714286,0.34965625,0.20510204,0.6371572,40.2
85,1,0.9745690857365985,0.9657142219636781,0.953265306122449,0.25530612,0.74469393,0.3686821,0.20418367,0.6223819,40.02
85,2,0.9915459681725092,0.9957878061025269,0.9704081632653062,0.31469387,0.6853061,0.3698022,0.25816327,0.61863446,50.6
85,3,0.9717310759447563,0.9841121691941126,0.9416326530612246,0.26061225,0.73938775,0.4601518,0.24836735,0.53690696,48.68
86,0,0.9964792770681096,0.9978547283028791,0.9804081632653062,0.26408163,0.73591834,0.3474294,0.20510204,0.6394695,40.2
86,1,0.9636992565085386,0.9557948824199731,0.9483673469387754,0.25632653,0.7436735,0.3662533,0.20418367,0.6273693,40.02
86,2,0.9935369633991824,0.9963008709926767,0.9728571428571428,0.31469387,0.6853061,0.36905235,0.25816327,0.6201529,50.6
86,3,0.9632350324467244,0.9726083082979384,0.9357142857142857,0.26734695,0.732653,0.4483269,0.24836735,0.5475681,48.68
87,0,0.9971793543657214,0.9977229557969224,0.9816326530612244,0.26489794,0.73510206,0.344794,0.20510204,0.64122367,40.2
87,1,0.9808014407637323,0.9700558614699297,0.9630612244897959,0.2567347,0.74326533,0.3627467,0.20418367,0.6304853,40.02
87,2,0.9950972595207549,0.9932565244762489,0.9742857142857143,0.31653062,0.6834694,0.36610368,0.25816327,0.6217742,50.6
87,3,0.9781830518671342,0.9614041390082,0.9526530612244898,0.26591837,0.7340816,0.4467256,0.24836735,0.5518215,48.68
88,0,0.9979913139797114,0.9982031253735387,0.9859183673469387,0.26510203,0.734898,0.34523082,0.20510204,0.64196783,40.2
88,1,0.953983759532708,0.9591520531680068,0.9387755102040817,0.25346938,0.7465306,0.37372428,0.20418367,0.6192569,40.02
88,2,0.9872864713241798,0.988994923857868,0.9716326530612246,0.31530613,0.68469393,0.36881202,0.25816327,0.6201805,50.6
88,3,0.9602583732091834,0.9671306010885417,0.9348979591836735,0.2722449,0.7277551,0.4314413,0.24836735,0.56316245,48.68
89,0,0.9979766832152619,0.9992574010471037,0.9873469387755103,0.2667347,0.7332653,0.3410072,0.20510204,0.6452696,40.2
89,1,0.9811578066603447,0.9758350134274717,0.9616326530612246,0.25408164,0.74591833,0.37532613,0.20418367,0.61815196,40.02
89,2,0.995487827618357,0.9921352150387683,0.9795918367346939,0.3197959,0.6802041,0.36135295,0.25816327,0.627393,50.6
89,3,0.9802785980643495,0.9773323239487126,0.9565306122448979,0.2655102,0.7344898,0.44385025,0.24836735,0.55065334,48.68
90,0,0.9981741825976779,0.9982781598387109,0.9889795918367347,0.26387754,0.7361224,0.34793347,0.20510204,0.63923895,40.2
90,1,0.9698595810649344,0.9561909883754458,0.9548979591836735,0.25816327,0.7418367,0.3593984,0.20418367,0.6307226,40.02
90,2,0.9944285156467898,0.9915051996589342,0.980204081632653,0.31836736,0.68163264,0.36479157,0.25816327,0.6229477,50.6
90,3,0.9771418928493175,0.9700366725370351,0.9455102040816327,0.26306123,0.7369388,0.4559783,0.24836735,0.5414538,48.68
91,0,0.998798779175864,0.9983281403150873,0.989795918367347,0.2632653,0.7367347,0.3505743,0.20510204,0.6372142,40.2
91,1,0.9831311429687064,0.9631086458317207,0.9644897959183674,0.2532653,0.7467347,0.3773528,0.20418367,0.61521333,40.02
91,2,0.9938208129796238,0.9872234538485445,0.9810204081632654,0.31877553,0.6812245,0.36233208,0.25816327,0.6252803,50.6
91,3,0.9781371354720223,0.9737058706340795,0.953265306122449,0.26102042,0.7389796,0.45618317,0.24836735,0.53995293,48.68
92,0,0.999097227645451,0.999687175768394,0.9912244897959184,0.2632653,0.7367347,0.3497437,0.20510204,0.6372543,40.2
92,1,0.9861845101961129,0.984907171146475,0.970204081632653,0.25510204,0.7448979,0.3695767,0.20418367,0.6230622,40.02
92,2,0.9985169696148667,0.9963592984245631,0.9877551020408163,0.3169388,0.68306124,0.36620155,0.25816327,0.6215783,50.6
92,3,0.9899730095696552,0.9861884308584815,0.9640816326530611,0.26040816,0.73959184,0.46179685,0.24836735,0.53631777,48.68
93,0,0.9994864251049893,0.9996594442540779,0.9934693877551021,0.26224488,0.7377551,0.3525679,0.20510204,0.6349781,40.2
93,1,0.9931071568025882,0.98555902110942,0.9777551020408163,0.25367346,0.7463265,0.37683445,0.20418367,0.6164107,40.02
93,2,0.9990715999011865,0.9994229613751006,0.99,0.31653062,0.6834694,0.36692703,0.25816327,0.6212196,50.6
93,3,0.9931895783420097,0.9888934328905323,0.9746938775510203,0.26081634,0.73918366,0.45829633,0.24836735,0.5386202,48.68
94,0,0.999494935811107,0.9993320211333264,0.993469387755102,0.2634694,0.7365306,0.34959516,0.20510204,0.63760036,40.2
94,1,0.9908203906318482,0.9928191315573477,0.9740816326530611,0.2577551,0.7422449,0.36668175,0.20418367,0.6272755,40.02
94,2,0.9968868028273394,0.9961869167815506,0.9865306122448979,0.3169388,0.68306124,0.36703923,0.25816327,0.62081736,50.6
94,3,0.9919276350897677,0.9933029986692061,0.9712244897959184,0.26183674,0.73816323,0.45815834,0.24836735,0.5398557,48.68
95,0,0.9996154244595143,0.9995846329160325,0.9946938775510203,0.26183674,0.7381633,0.35336238,0.20510204,0.63440055,40.2
95,1,0.9944960912908701,0.997307078708094,0.9787755102040816,0.2579592,0.7420408,0.36730874,0.20418367,0.625992,40.02
95,2,0.9987761795854617,0.9987510618460582,0.9893877551020408,0.31489795,0.685102,0.36936975,0.25816327,0.61859864,50.6
95,3,0.9958196813731902,0.9973250165199066,0.9814285714285714,0.26142856,0.7385714,0.45682633,0.24836735,0.54014325,48.68
96,0,0.9995944186343025,0.9997855748312601,0.9946938775510203,0.26204082,0.7379592,0.35272875,0.20510204,0.63515806,40.2
96,1,0.9962084326116234,0.9958057837738765,0.9855102040816327,0.2555102,0.74448985,0.37147558,0.20418367,0.62247574,40.02
96,2,0.997043788698611,0.9988653029349186,0.9883673469387755,0.31510204,0.6848979,0.3696786,0.25816327,0.61846733,50.6
96,3,0.9976637872513553,0.9975115189085118,0.9879591836734695,0.26367348,0.7363265,0.45207226,0.24836735,0.54498464,48.68
97,0,0.9997509582513209,0.9997144929037605,0.9951020408163265,0.26265305,0.73734695,0.35159883,0.20510204,0.63652664,40.2
97,1,0.995661994278383,0.9985182127517153,0.9844897959183673,0.25591838,0.7440817,0.37044004,0.20418367,0.62463886,40.02
97,2,0.9972099865326841,0.9995841229111716,0.9889795918367347,0.31510204,0.6848979,0.36960393,0.25816327,0.6183602,50.6
97,3,0.997332523154456,0.9987883559515177,0.986938775510204,0.26285714,0.73714286,0.4553439,0.24836735,0.5422911,48.68
98,0,0.9998126688394998,0.9998578680203046,0.9957142857142857,0.26285714,0.73714286,0.35131308,0.20510204,0.6366528,40.2
98,1,0.9970668664185706,0.9977793750846687,0.9891836734693878,0.25714287,0.74285716,0.3667051,0.20418367,0.62707734,40.02
98,2,0.9997179354365722,0.9970687151861917,0.9944897959183673,0.3155102,0.68448985,0.36819133,0.25816327,0.6201242,50.6
98,3,0.9978714707967618,0.9973709249416284,0.9848979591836735,0.2642857,0.73571426,0.4516099,0.24836735,0.54595286,48.68
99,0,0.999862203061623,0.9998616611814581,0.9961224489795919,0.26265305,0.73734695,0.35216767,0.20510204,0.6358355,40.2
99,1,0.9980754408218062,0.9983901457388201,0.9910204081632653,0.2555102,0.74448985,0.37162724,0.20418367,0.6228923,40.02
99,2,0.9996568304791655,0.9997494601120417,0.9946938775510203,0.31510204,0.6848979,0.36882657,0.25816327,0.6198542,50.6
99,3,0.9986567507774992,0.9991623488911379,0.986938775510204,0.26510203,0.734898,0.44949567,0.24836735,0.5482242,48.68
100,0,1.0,0.999862203061623,1.0,0.26265305,0.73734695,0.3515453,0.20510204,0.6357488,40.2
100,1,1.0,0.9980754408218062,1.0,0.25632653,0.7436735,0.36839616,0.20418367,0.6254242,40.02
100,2,1.0,0.9996568304791655,1.0,0.31591836,0.6840817,0.3678517,0.25816327,0.6200584,50.6
100,3,1.0,0.9986567507774992,1.0,0.26469386,0.7353061,0.4510441,0.24836735,0.5455146,48.68
