epoch,mask_method,group,x,y,spearman,n
0,foreground_rescue_10,-1,background_selection_ratio,kl,0.06950646135198013,200
0,foreground_rescue_10,-1,foreground_missing_ratio,kl,0.21126189026472408,200
0,foreground_rescue_10,-1,background_selection_ratio,gt_probability_drop,-0.07198039315252672,200
0,foreground_rescue_10,0,background_selection_ratio,kl,0.17151794673873194,50
0,foreground_rescue_10,0,foreground_missing_ratio,kl,0.13145252044607714,50
0,foreground_rescue_10,0,background_selection_ratio,gt_probability_drop,-0.03461124485759164,50
0,foreground_rescue_10,1,background_selection_ratio,kl,0.41473812616647354,50
0,foreground_rescue_10,1,foreground_missing_ratio,kl,0.12271944593099328,50
0,foreground_rescue_10,1,background_selection_ratio,gt_probability_drop,-0.06508523676743222,50
0,foreground_rescue_10,2,background_selection_ratio,kl,0.06327624863815356,50
0,foreground_rescue_10,2,foreground_missing_ratio,kl,0.2437360739114298,50
0,foreground_rescue_10,2,background_selection_ratio,gt_probability_drop,0.14889376957451622,50
0,foreground_rescue_10,3,background_selection_ratio,kl,-0.21212707124525224,50
0,foreground_rescue_10,3,foreground_missing_ratio,kl,0.267529392227224,50
0,foreground_rescue_10,3,background_selection_ratio,gt_probability_drop,-0.21515402605577338,50
0,foreground_rescue_20,-1,background_selection_ratio,kl,-0.014554337735166881,200
0,foreground_rescue_20,-1,foreground_missing_ratio,kl,0.0740890930313079,200
0,foreground_rescue_20,-1,background_selection_ratio,gt_probability_drop,-0.1645315365308994,200
0,foreground_rescue_20,0,background_selection_ratio,kl,0.12859657750777206,50
0,foreground_rescue_20,0,foreground_missing_ratio,kl,-0.06916994730716934,50
0,foreground_rescue_20,0,background_selection_ratio,gt_probability_drop,0.12311619999902963,50
0,foreground_rescue_20,1,background_selection_ratio,kl,0.23718231305093682,50
0,foreground_rescue_20,1,foreground_missing_ratio,kl,-0.002061935416080044,50
0,foreground_rescue_20,1,background_selection_ratio,gt_probability_drop,-0.18682431789749646,50
0,foreground_rescue_20,2,background_selection_ratio,kl,-0.06855798513385275,50
0,foreground_rescue_20,2,foreground_missing_ratio,kl,-0.017881723422742926,50
0,foreground_rescue_20,2,background_selection_ratio,gt_probability_drop,-0.042614528951455774,50
0,foreground_rescue_20,3,background_selection_ratio,kl,-0.23065099947393677,50
0,foreground_rescue_20,3,foreground_missing_ratio,kl,0.4124570592197187,50
0,foreground_rescue_20,3,background_selection_ratio,gt_probability_drop,-0.2020177989560309,50
0,foreground_rescue_5,-1,background_selection_ratio,kl,0.07842667335764553,200
0,foreground_rescue_5,-1,foreground_missing_ratio,kl,0.2369912611093375,200
0,foreground_rescue_5,-1,background_selection_ratio,gt_probability_drop,0.012063852688304825,200
0,foreground_rescue_5,0,background_selection_ratio,kl,0.12479276618098319,50
0,foreground_rescue_5,0,foreground_missing_ratio,kl,0.18001489337629567,50
0,foreground_rescue_5,0,background_selection_ratio,gt_probability_drop,-0.02990026986308611,50
0,foreground_rescue_5,1,background_selection_ratio,kl,0.36099310162795395,50
0,foreground_rescue_5,1,foreground_missing_ratio,kl,0.23681430870874998,50
0,foreground_rescue_5,1,background_selection_ratio,gt_probability_drop,0.15019350853246652,50
0,foreground_rescue_5,2,background_selection_ratio,kl,0.21237751596609022,50
0,foreground_rescue_5,2,foreground_missing_ratio,kl,0.22003457574352658,50
0,foreground_rescue_5,2,background_selection_ratio,gt_probability_drop,0.34581017701537364,50
0,foreground_rescue_5,3,background_selection_ratio,kl,-0.2916807935301002,50
0,foreground_rescue_5,3,foreground_missing_ratio,kl,0.28173545591448196,50
0,foreground_rescue_5,3,background_selection_ratio,gt_probability_drop,-0.41803254936971684,50
0,random,-1,background_selection_ratio,kl,0.08461357299066265,200
0,random,-1,foreground_missing_ratio,kl,0.10211281777494226,200
0,random,-1,background_selection_ratio,gt_probability_drop,-0.028296326487387728,200
0,random,0,background_selection_ratio,kl,0.30557035512677166,50
0,random,0,foreground_missing_ratio,kl,0.23159310739082817,50
0,random,0,background_selection_ratio,gt_probability_drop,-0.15365027136525464,50
0,random,1,background_selection_ratio,kl,0.27283043216210856,50
0,random,1,foreground_missing_ratio,kl,0.16807210238565007,50
0,random,1,background_selection_ratio,gt_probability_drop,0.31140765476330945,50
0,random,2,background_selection_ratio,kl,0.01191878350171029,50
0,random,2,foreground_missing_ratio,kl,0.13685273134102002,50
0,random,2,background_selection_ratio,gt_probability_drop,0.10625979968661876,50
0,random,3,background_selection_ratio,kl,0.00860122245464297,50
0,random,3,foreground_missing_ratio,kl,0.262677679903337,50
0,random,3,background_selection_ratio,gt_probability_drop,-0.0889433673941013,50
0,random_rescue_10,-1,background_selection_ratio,kl,0.2541400981476756,200
0,random_rescue_10,-1,foreground_missing_ratio,kl,0.3163755154559893,200
0,random_rescue_10,-1,background_selection_ratio,gt_probability_drop,0.12741596186014661,200
0,random_rescue_10,0,background_selection_ratio,kl,0.38016746920625205,50
0,random_rescue_10,0,foreground_missing_ratio,kl,0.4026030202194595,50
0,random_rescue_10,0,background_selection_ratio,gt_probability_drop,-0.07094793078118952,50
0,random_rescue_10,1,background_selection_ratio,kl,0.37001628191772695,50
0,random_rescue_10,1,foreground_missing_ratio,kl,0.33868261046608894,50
0,random_rescue_10,1,background_selection_ratio,gt_probability_drop,0.31012536385206213,50
0,random_rescue_10,2,background_selection_ratio,kl,0.4700257924012657,50
0,random_rescue_10,2,foreground_missing_ratio,kl,0.28609163681824173,50
0,random_rescue_10,2,background_selection_ratio,gt_probability_drop,0.545743356381218,50
0,random_rescue_10,3,background_selection_ratio,kl,0.13705282640869718,50
0,random_rescue_10,3,foreground_missing_ratio,kl,0.41375336198302587,50
0,random_rescue_10,3,background_selection_ratio,gt_probability_drop,0.07746464101361145,50
0,random_rescue_20,-1,background_selection_ratio,kl,0.13286023345914505,200
0,random_rescue_20,-1,foreground_missing_ratio,kl,0.2902630843348448,200
0,random_rescue_20,-1,background_selection_ratio,gt_probability_drop,0.04537761630898773,200
0,random_rescue_20,0,background_selection_ratio,kl,0.259601177388409,50
0,random_rescue_20,0,foreground_missing_ratio,kl,0.2595207234753087,50
0,random_rescue_20,0,background_selection_ratio,gt_probability_drop,-0.11857731986987687,50
0,random_rescue_20,1,background_selection_ratio,kl,0.2585143303805395,50
0,random_rescue_20,1,foreground_missing_ratio,kl,0.3580519733717594,50
0,random_rescue_20,1,background_selection_ratio,gt_probability_drop,0.3963277526938543,50
0,random_rescue_20,2,background_selection_ratio,kl,0.4169810838137029,50
0,random_rescue_20,2,foreground_missing_ratio,kl,0.13682643500002864,50
0,random_rescue_20,2,background_selection_ratio,gt_probability_drop,0.44537885064176225,50
0,random_rescue_20,3,background_selection_ratio,kl,0.01475501027822951,50
0,random_rescue_20,3,foreground_missing_ratio,kl,0.4670302547205204,50
0,random_rescue_20,3,background_selection_ratio,gt_probability_drop,-0.09391299701518067,50
0,random_rescue_5,-1,background_selection_ratio,kl,0.2115134127152023,200
0,random_rescue_5,-1,foreground_missing_ratio,kl,0.35627442131282533,200
0,random_rescue_5,-1,background_selection_ratio,gt_probability_drop,0.12142098958435683,200
0,random_rescue_5,0,background_selection_ratio,kl,0.31530132599874494,50
0,random_rescue_5,0,foreground_missing_ratio,kl,0.24204005298215314,50
0,random_rescue_5,0,background_selection_ratio,gt_probability_drop,-0.05443359783903908,50
0,random_rescue_5,1,background_selection_ratio,kl,0.4699211777240897,50
0,random_rescue_5,1,foreground_missing_ratio,kl,0.5168323512289549,50
0,random_rescue_5,1,background_selection_ratio,gt_probability_drop,0.4560773459744439,50
0,random_rescue_5,2,background_selection_ratio,kl,0.4668349190334409,50
0,random_rescue_5,2,foreground_missing_ratio,kl,0.319748324037154,50
0,random_rescue_5,2,background_selection_ratio,gt_probability_drop,0.5118079001177658,50
0,random_rescue_5,3,background_selection_ratio,kl,-0.0894453895978609,50
0,random_rescue_5,3,foreground_missing_ratio,kl,0.34206545578218156,50
0,random_rescue_5,3,background_selection_ratio,gt_probability_drop,-0.1877824487688568,50
0,student,-1,background_selection_ratio,kl,0.23963588364788557,200
0,student,-1,foreground_missing_ratio,kl,0.37587488134016434,200
0,student,-1,background_selection_ratio,gt_probability_drop,0.1465573333306785,200
0,student,0,background_selection_ratio,kl,0.3798973426584291,50
0,student,0,foreground_missing_ratio,kl,0.32658550517833523,50
0,student,0,background_selection_ratio,gt_probability_drop,-0.1705524195561314,50
0,student,1,background_selection_ratio,kl,0.4650102871355745,50
0,student,1,foreground_missing_ratio,kl,0.5059309440807507,50
0,student,1,background_selection_ratio,gt_probability_drop,0.4425167662694816,50
0,student,2,background_selection_ratio,kl,0.5189314869759671,50
0,student,2,foreground_missing_ratio,kl,0.38344388942805036,50
0,student,2,background_selection_ratio,gt_probability_drop,0.554151559193873,50
0,student,3,background_selection_ratio,kl,-0.021865019640938715,50
0,student,3,foreground_missing_ratio,kl,0.3183171678414145,50
0,student,3,background_selection_ratio,gt_probability_drop,-0.05468657659645771,50
5,foreground_rescue_10,-1,background_selection_ratio,kl,0.05144714217634352,200
5,foreground_rescue_10,-1,foreground_missing_ratio,kl,0.05592637258192247,200
5,foreground_rescue_10,-1,background_selection_ratio,gt_probability_drop,-0.0745708948704972,200
5,foreground_rescue_10,0,background_selection_ratio,kl,0.23585420246707675,50
5,foreground_rescue_10,0,foreground_missing_ratio,kl,0.10537183789516844,50
5,foreground_rescue_10,0,background_selection_ratio,gt_probability_drop,-0.14162790062535835,50
5,foreground_rescue_10,1,background_selection_ratio,kl,0.14259286552247755,50
5,foreground_rescue_10,1,foreground_missing_ratio,kl,-0.07416755045368664,50
5,foreground_rescue_10,1,background_selection_ratio,gt_probability_drop,0.06862912435662216,50
5,foreground_rescue_10,2,background_selection_ratio,kl,-0.02190728093316292,50
5,foreground_rescue_10,2,foreground_missing_ratio,kl,0.2448986853149777,50
5,foreground_rescue_10,2,background_selection_ratio,gt_probability_drop,0.09180880233174199,50
5,foreground_rescue_10,3,background_selection_ratio,kl,0.03195118966661217,50
5,foreground_rescue_10,3,foreground_missing_ratio,kl,0.10763358814871558,50
5,foreground_rescue_10,3,background_selection_ratio,gt_probability_drop,-0.006053909621042306,50
5,foreground_rescue_20,-1,background_selection_ratio,kl,-0.05798690175220325,200
5,foreground_rescue_20,-1,foreground_missing_ratio,kl,0.07300161329249819,200
5,foreground_rescue_20,-1,background_selection_ratio,gt_probability_drop,-0.10724947296378354,200
5,foreground_rescue_20,0,background_selection_ratio,kl,0.08261844517353917,50
5,foreground_rescue_20,0,foreground_missing_ratio,kl,0.019773588041994115,50
5,foreground_rescue_20,0,background_selection_ratio,gt_probability_drop,0.013409276441778611,50
5,foreground_rescue_20,1,background_selection_ratio,kl,0.11295555090987018,50
5,foreground_rescue_20,1,foreground_missing_ratio,kl,-0.018582499008307645,50
5,foreground_rescue_20,1,background_selection_ratio,gt_probability_drop,0.08590579541762988,50
5,foreground_rescue_20,2,background_selection_ratio,kl,-0.26318451404273496,50
5,foreground_rescue_20,2,foreground_missing_ratio,kl,0.15778345770202118,50
5,foreground_rescue_20,2,background_selection_ratio,gt_probability_drop,-0.08178565691085173,50
5,foreground_rescue_20,3,background_selection_ratio,kl,-0.03742224028739899,50
5,foreground_rescue_20,3,foreground_missing_ratio,kl,0.14673786464438093,50
5,foreground_rescue_20,3,background_selection_ratio,gt_probability_drop,-0.03756635674550193,50
5,foreground_rescue_5,-1,background_selection_ratio,kl,0.14364047949982714,200
5,foreground_rescue_5,-1,foreground_missing_ratio,kl,0.1489244052839677,200
5,foreground_rescue_5,-1,background_selection_ratio,gt_probability_drop,-0.008247429498707697,200
5,foreground_rescue_5,0,background_selection_ratio,kl,0.14850614854245348,50
5,foreground_rescue_5,0,foreground_missing_ratio,kl,0.3520478624941952,50
5,foreground_rescue_5,0,background_selection_ratio,gt_probability_drop,0.01826880428816197,50
5,foreground_rescue_5,1,background_selection_ratio,kl,0.19114895488586442,50
5,foreground_rescue_5,1,foreground_missing_ratio,kl,0.14500012332164813,50
5,foreground_rescue_5,1,background_selection_ratio,gt_probability_drop,0.11719766238477207,50
5,foreground_rescue_5,2,background_selection_ratio,kl,0.03344385937671233,50
5,foreground_rescue_5,2,foreground_missing_ratio,kl,0.1277709791604625,50
5,foreground_rescue_5,2,background_selection_ratio,gt_probability_drop,0.08990439783596085,50
5,foreground_rescue_5,3,background_selection_ratio,kl,0.2588179432572879,50
5,foreground_rescue_5,3,foreground_missing_ratio,kl,0.17963427159316528,50
5,foreground_rescue_5,3,background_selection_ratio,gt_probability_drop,0.2750120848981542,50
5,random,-1,background_selection_ratio,kl,0.08461357299066265,200
5,random,-1,foreground_missing_ratio,kl,0.10211281777494226,200
5,random,-1,background_selection_ratio,gt_probability_drop,-0.028296326487387728,200
5,random,0,background_selection_ratio,kl,0.30557035512677166,50
5,random,0,foreground_missing_ratio,kl,0.23159310739082817,50
5,random,0,background_selection_ratio,gt_probability_drop,-0.15365027136525464,50
5,random,1,background_selection_ratio,kl,0.27283043216210856,50
5,random,1,foreground_missing_ratio,kl,0.16807210238565007,50
5,random,1,background_selection_ratio,gt_probability_drop,0.31140765476330945,50
5,random,2,background_selection_ratio,kl,0.01191878350171029,50
5,random,2,foreground_missing_ratio,kl,0.13685273134102002,50
5,random,2,background_selection_ratio,gt_probability_drop,0.10625979968661876,50
5,random,3,background_selection_ratio,kl,0.00860122245464297,50
5,random,3,foreground_missing_ratio,kl,0.262677679903337,50
5,random,3,background_selection_ratio,gt_probability_drop,-0.0889433673941013,50
5,random_rescue_10,-1,background_selection_ratio,kl,0.16767973378163076,200
5,random_rescue_10,-1,foreground_missing_ratio,kl,0.16241266134176466,200
5,random_rescue_10,-1,background_selection_ratio,gt_probability_drop,0.05666845567961102,200
5,random_rescue_10,0,background_selection_ratio,kl,0.2500482575353844,50
5,random_rescue_10,0,foreground_missing_ratio,kl,0.2972940527640289,50
5,random_rescue_10,0,background_selection_ratio,gt_probability_drop,-0.03985579801900281,50
5,random_rescue_10,1,background_selection_ratio,kl,0.14063933438964724,50
5,random_rescue_10,1,foreground_missing_ratio,kl,0.1139370069164337,50
5,random_rescue_10,1,background_selection_ratio,gt_probability_drop,0.1508291973050967,50
5,random_rescue_10,2,background_selection_ratio,kl,0.2786251523323673,50
5,random_rescue_10,2,foreground_missing_ratio,kl,0.23227448444832952,50
5,random_rescue_10,2,background_selection_ratio,gt_probability_drop,0.3760478780099606,50
5,random_rescue_10,3,background_selection_ratio,kl,0.21610719712939733,50
5,random_rescue_10,3,foreground_missing_ratio,kl,0.22325785348073843,50
5,random_rescue_10,3,background_selection_ratio,gt_probability_drop,0.1785672236066973,50
5,random_rescue_20,-1,background_selection_ratio,kl,0.1713592128078948,200
5,random_rescue_20,-1,foreground_missing_ratio,kl,0.1971910099410144,200
5,random_rescue_20,-1,background_selection_ratio,gt_probability_drop,0.038227555714758846,200
5,random_rescue_20,0,background_selection_ratio,kl,0.33574483361851426,50
5,random_rescue_20,0,foreground_missing_ratio,kl,0.2861190489330672,50
5,random_rescue_20,0,background_selection_ratio,gt_probability_drop,-0.10935139534461273,50
5,random_rescue_20,1,background_selection_ratio,kl,0.22385589623062999,50
5,random_rescue_20,1,foreground_missing_ratio,kl,0.29951187977860283,50
5,random_rescue_20,1,background_selection_ratio,gt_probability_drop,0.3828949639540439,50
5,random_rescue_20,2,background_selection_ratio,kl,0.17119522607206153,50
5,random_rescue_20,2,foreground_missing_ratio,kl,0.23950629390843906,50
5,random_rescue_20,2,background_selection_ratio,gt_probability_drop,0.13419822240226434,50
5,random_rescue_20,3,background_selection_ratio,kl,0.2482765505622137,50
5,random_rescue_20,3,foreground_missing_ratio,kl,0.19990874291658112,50
5,random_rescue_20,3,background_selection_ratio,gt_probability_drop,0.22560113804956572,50
5,random_rescue_5,-1,background_selection_ratio,kl,0.1985703737832691,200
5,random_rescue_5,-1,foreground_missing_ratio,kl,0.19767887958365132,200
5,random_rescue_5,-1,background_selection_ratio,gt_probability_drop,0.09643288224915408,200
5,random_rescue_5,0,background_selection_ratio,kl,0.25066084587732995,50
5,random_rescue_5,0,foreground_missing_ratio,kl,0.304072224707117,50
5,random_rescue_5,0,background_selection_ratio,gt_probability_drop,0.08496326217621152,50
5,random_rescue_5,1,background_selection_ratio,kl,0.21378457438543003,50
5,random_rescue_5,1,foreground_missing_ratio,kl,0.15863509881479046,50
5,random_rescue_5,1,background_selection_ratio,gt_probability_drop,0.2774681537605862,50
5,random_rescue_5,2,background_selection_ratio,kl,0.22666447922942867,50
5,random_rescue_5,2,foreground_missing_ratio,kl,0.21043532601958717,50
5,random_rescue_5,2,background_selection_ratio,gt_probability_drop,0.286297851865367,50
5,random_rescue_5,3,background_selection_ratio,kl,0.22688837791671448,50
5,random_rescue_5,3,foreground_missing_ratio,kl,0.23873357806891143,50
5,random_rescue_5,3,background_selection_ratio,gt_probability_drop,0.24360950360816233,50
5,student,-1,background_selection_ratio,kl,0.18612646174319214,200
5,student,-1,foreground_missing_ratio,kl,0.21688670387113765,200
5,student,-1,background_selection_ratio,gt_probability_drop,0.07672615313422534,200
5,student,0,background_selection_ratio,kl,0.19403998391353583,50
5,student,0,foreground_missing_ratio,kl,0.2430427167925903,50
5,student,0,background_selection_ratio,gt_probability_drop,-0.014515748115404462,50
5,student,1,background_selection_ratio,kl,0.15881791727911931,50
5,student,1,foreground_missing_ratio,kl,0.16655237094066555,50
5,student,1,background_selection_ratio,gt_probability_drop,0.2889476963991965,50
5,student,2,background_selection_ratio,kl,0.2105440917970008,50
5,student,2,foreground_missing_ratio,kl,0.2243084904622463,50
5,student,2,background_selection_ratio,gt_probability_drop,0.263071983222274,50
5,student,3,background_selection_ratio,kl,0.31056770781854565,50
5,student,3,foreground_missing_ratio,kl,0.30187868372229204,50
5,student,3,background_selection_ratio,gt_probability_drop,0.3105196620716678,50
10,foreground_rescue_10,-1,background_selection_ratio,kl,0.057484127847913964,200
10,foreground_rescue_10,-1,foreground_missing_ratio,kl,0.0969006221972316,200
10,foreground_rescue_10,-1,background_selection_ratio,gt_probability_drop,-0.12667847175997363,200
10,foreground_rescue_10,0,background_selection_ratio,kl,0.22907326287915614,50
10,foreground_rescue_10,0,foreground_missing_ratio,kl,0.19752734840462355,50
10,foreground_rescue_10,0,background_selection_ratio,gt_probability_drop,-0.11422401833676167,50
10,foreground_rescue_10,1,background_selection_ratio,kl,0.11711563861628421,50
10,foreground_rescue_10,1,foreground_missing_ratio,kl,0.02333074144637401,50
10,foreground_rescue_10,1,background_selection_ratio,gt_probability_drop,0.14114428831186981,50
10,foreground_rescue_10,2,background_selection_ratio,kl,0.1153633841703676,50
10,foreground_rescue_10,2,foreground_missing_ratio,kl,0.11171837157988893,50
10,foreground_rescue_10,2,background_selection_ratio,gt_probability_drop,0.1112792993496757,50
10,foreground_rescue_10,3,background_selection_ratio,kl,-0.17289769027844817,50
10,foreground_rescue_10,3,foreground_missing_ratio,kl,0.18304148112718557,50
10,foreground_rescue_10,3,background_selection_ratio,gt_probability_drop,-0.3034599538933853,50
10,foreground_rescue_20,-1,background_selection_ratio,kl,-0.061621380069243545,200
10,foreground_rescue_20,-1,foreground_missing_ratio,kl,0.10938178918006487,200
10,foreground_rescue_20,-1,background_selection_ratio,gt_probability_drop,-0.19967568792872545,200
10,foreground_rescue_20,0,background_selection_ratio,kl,-0.01619647840165493,50
10,foreground_rescue_20,0,foreground_missing_ratio,kl,0.19456594912935649,50
10,foreground_rescue_20,0,background_selection_ratio,gt_probability_drop,-0.003460375207475237,50
10,foreground_rescue_20,1,background_selection_ratio,kl,0.044590740467747914,50
10,foreground_rescue_20,1,foreground_missing_ratio,kl,-0.17891411796693107,50
10,foreground_rescue_20,1,background_selection_ratio,gt_probability_drop,0.08456864571469432,50
10,foreground_rescue_20,2,background_selection_ratio,kl,0.022675957457133553,50
10,foreground_rescue_20,2,foreground_missing_ratio,kl,0.10783318682863904,50
10,foreground_rescue_20,2,background_selection_ratio,gt_probability_drop,-0.020946435278199636,50
10,foreground_rescue_20,3,background_selection_ratio,kl,-0.22609699207078832,50
10,foreground_rescue_20,3,foreground_missing_ratio,kl,0.3997159401508238,50
10,foreground_rescue_20,3,background_selection_ratio,gt_probability_drop,-0.3743305415780016,50
10,foreground_rescue_5,-1,background_selection_ratio,kl,0.11200884532100994,200
10,foreground_rescue_5,-1,foreground_missing_ratio,kl,0.18564200042749196,200
10,foreground_rescue_5,-1,background_selection_ratio,gt_probability_drop,-0.05393877186221491,200
10,foreground_rescue_5,0,background_selection_ratio,kl,0.35485824626994816,50
10,foreground_rescue_5,0,foreground_missing_ratio,kl,0.3818810860516354,50
10,foreground_rescue_5,0,background_selection_ratio,gt_probability_drop,-0.11612319151946292,50
10,foreground_rescue_5,1,background_selection_ratio,kl,0.09357206241060459,50
10,foreground_rescue_5,1,foreground_missing_ratio,kl,0.18634952658937395,50
10,foreground_rescue_5,1,background_selection_ratio,gt_probability_drop,0.2506789304230681,50
10,foreground_rescue_5,2,background_selection_ratio,kl,0.2737929693817883,50
10,foreground_rescue_5,2,foreground_missing_ratio,kl,0.1874684856116888,50
10,foreground_rescue_5,2,background_selection_ratio,gt_probability_drop,0.2443430500571636,50
10,foreground_rescue_5,3,background_selection_ratio,kl,-0.14732950886525933,50
10,foreground_rescue_5,3,foreground_missing_ratio,kl,0.01330535644455263,50
10,foreground_rescue_5,3,background_selection_ratio,gt_probability_drop,-0.21575652146282273,50
10,random,-1,background_selection_ratio,kl,0.08461357299066265,200
10,random,-1,foreground_missing_ratio,kl,0.10211281777494226,200
10,random,-1,background_selection_ratio,gt_probability_drop,-0.028296326487387728,200
10,random,0,background_selection_ratio,kl,0.30557035512677166,50
10,random,0,foreground_missing_ratio,kl,0.23159310739082817,50
10,random,0,background_selection_ratio,gt_probability_drop,-0.15365027136525464,50
10,random,1,background_selection_ratio,kl,0.27283043216210856,50
10,random,1,foreground_missing_ratio,kl,0.16807210238565007,50
10,random,1,background_selection_ratio,gt_probability_drop,0.31140765476330945,50
10,random,2,background_selection_ratio,kl,0.01191878350171029,50
10,random,2,foreground_missing_ratio,kl,0.13685273134102002,50
10,random,2,background_selection_ratio,gt_probability_drop,0.10625979968661876,50
10,random,3,background_selection_ratio,kl,0.00860122245464297,50
10,random,3,foreground_missing_ratio,kl,0.262677679903337,50
10,random,3,background_selection_ratio,gt_probability_drop,-0.0889433673941013,50
10,random_rescue_10,-1,background_selection_ratio,kl,0.19255829251752338,200
10,random_rescue_10,-1,foreground_missing_ratio,kl,0.2787011055376226,200
10,random_rescue_10,-1,background_selection_ratio,gt_probability_drop,0.010761583650230623,200
10,random_rescue_10,0,background_selection_ratio,kl,0.2852749362901821,50
10,random_rescue_10,0,foreground_missing_ratio,kl,0.4594919101058019,50
10,random_rescue_10,0,background_selection_ratio,gt_probability_drop,-0.10273551379375113,50
10,random_rescue_10,1,background_selection_ratio,kl,0.27116536804485636,50
10,random_rescue_10,1,foreground_missing_ratio,kl,0.31954836455280666,50
10,random_rescue_10,1,background_selection_ratio,gt_probability_drop,0.22502592222368262,50
10,random_rescue_10,2,background_selection_ratio,kl,0.32960916421362335,50
10,random_rescue_10,2,foreground_missing_ratio,kl,0.40570592431952235,50
10,random_rescue_10,2,background_selection_ratio,gt_probability_drop,0.37064812415507764,50
10,random_rescue_10,3,background_selection_ratio,kl,-0.0007207381763555098,50
10,random_rescue_10,3,foreground_missing_ratio,kl,0.11117514338366757,50
10,random_rescue_10,3,background_selection_ratio,gt_probability_drop,-0.02854123178367819,50
10,random_rescue_20,-1,background_selection_ratio,kl,0.1995246716019679,200
10,random_rescue_20,-1,foreground_missing_ratio,kl,0.19270940515287047,200
10,random_rescue_20,-1,background_selection_ratio,gt_probability_drop,0.001404659450783293,200
10,random_rescue_20,0,background_selection_ratio,kl,0.2134976639961884,50
10,random_rescue_20,0,foreground_missing_ratio,kl,0.21888064020063652,50
10,random_rescue_20,0,background_selection_ratio,gt_probability_drop,-0.026735293058982153,50
10,random_rescue_20,1,background_selection_ratio,kl,0.33384603073424296,50
10,random_rescue_20,1,foreground_missing_ratio,kl,0.2788611226431702,50
10,random_rescue_20,1,background_selection_ratio,gt_probability_drop,0.20111496165579482,50
10,random_rescue_20,2,background_selection_ratio,kl,0.35106442041129343,50
10,random_rescue_20,2,foreground_missing_ratio,kl,0.33034792507730265,50
10,random_rescue_20,2,background_selection_ratio,gt_probability_drop,0.36403833137639735,50
10,random_rescue_20,3,background_selection_ratio,kl,0.058874439293849515,50
10,random_rescue_20,3,foreground_missing_ratio,kl,-0.0336671234014725,50
10,random_rescue_20,3,background_selection_ratio,gt_probability_drop,-0.05993177616280028,50
10,random_rescue_5,-1,background_selection_ratio,kl,0.20025991729995543,200
10,random_rescue_5,-1,foreground_missing_ratio,kl,0.24781178750856236,200
10,random_rescue_5,-1,background_selection_ratio,gt_probability_drop,0.018617156267777893,200
10,random_rescue_5,0,background_selection_ratio,kl,0.30571352622478215,50
10,random_rescue_5,0,foreground_missing_ratio,kl,0.4698679471788715,50
10,random_rescue_5,0,background_selection_ratio,gt_probability_drop,-0.04688857764183775,50
10,random_rescue_5,1,background_selection_ratio,kl,0.3304260990133947,50
10,random_rescue_5,1,foreground_missing_ratio,kl,0.3220660040325569,50
10,random_rescue_5,1,background_selection_ratio,gt_probability_drop,0.20985613356478983,50
10,random_rescue_5,2,background_selection_ratio,kl,0.3154582425403971,50
10,random_rescue_5,2,foreground_missing_ratio,kl,0.33457391975775075,50
10,random_rescue_5,2,background_selection_ratio,gt_probability_drop,0.3786459940926626,50
10,random_rescue_5,3,background_selection_ratio,kl,0.027917934336019915,50
10,random_rescue_5,3,foreground_missing_ratio,kl,0.07861499339916364,50
10,random_rescue_5,3,background_selection_ratio,gt_probability_drop,-0.04439960641391119,50
10,student,-1,background_selection_ratio,kl,0.19707521526335403,200
10,student,-1,foreground_missing_ratio,kl,0.25151464619854774,200
10,student,-1,background_selection_ratio,gt_probability_drop,0.0018931430424928219,200
10,student,0,background_selection_ratio,kl,0.29514280188481085,50
10,student,0,foreground_missing_ratio,kl,0.49577370603906484,50
10,student,0,background_selection_ratio,gt_probability_drop,-0.05345257258891036,50
10,student,1,background_selection_ratio,kl,0.3814950092449179,50
10,student,1,foreground_missing_ratio,kl,0.30839997308302064,50
10,student,1,background_selection_ratio,gt_probability_drop,0.2580150194817588,50
10,student,2,background_selection_ratio,kl,0.3380654191769152,50
10,student,2,foreground_missing_ratio,kl,0.3312040789230922,50
10,student,2,background_selection_ratio,gt_probability_drop,0.32365308071548643,50
10,student,3,background_selection_ratio,kl,-0.00845686457146943,50
10,student,3,foreground_missing_ratio,kl,0.08126215805319754,50
10,student,3,background_selection_ratio,gt_probability_drop,-0.07548712637374135,50
20,foreground_rescue_10,-1,background_selection_ratio,kl,0.004478303083478433,200
20,foreground_rescue_10,-1,foreground_missing_ratio,kl,0.11968118243938418,200
20,foreground_rescue_10,-1,background_selection_ratio,gt_probability_drop,-0.1559475828992562,200
20,foreground_rescue_10,0,background_selection_ratio,kl,0.1253698239551463,50
20,foreground_rescue_10,0,foreground_missing_ratio,kl,0.22327939730516738,50
20,foreground_rescue_10,0,background_selection_ratio,gt_probability_drop,-0.09074524656822441,50
20,foreground_rescue_10,1,background_selection_ratio,kl,-0.02532254334752494,50
20,foreground_rescue_10,1,foreground_missing_ratio,kl,0.24151337253245356,50
20,foreground_rescue_10,1,background_selection_ratio,gt_probability_drop,-0.0010571080714336788,50
20,foreground_rescue_10,2,background_selection_ratio,kl,0.21207392671891406,50
20,foreground_rescue_10,2,foreground_missing_ratio,kl,0.1438626276530966,50
20,foreground_rescue_10,2,background_selection_ratio,gt_probability_drop,0.28231680865435865,50
20,foreground_rescue_10,3,background_selection_ratio,kl,-0.24525585342937872,50
20,foreground_rescue_10,3,foreground_missing_ratio,kl,0.036975655455817456,50
20,foreground_rescue_10,3,background_selection_ratio,gt_probability_drop,-0.3305309053073704,50
20,foreground_rescue_20,-1,background_selection_ratio,kl,-0.026178135129415858,200
20,foreground_rescue_20,-1,foreground_missing_ratio,kl,0.04440388858968355,200
20,foreground_rescue_20,-1,background_selection_ratio,gt_probability_drop,-0.13142108034520783,200
20,foreground_rescue_20,0,background_selection_ratio,kl,0.18966147091713606,50
20,foreground_rescue_20,0,foreground_missing_ratio,kl,-0.07433192600576488,50
20,foreground_rescue_20,0,background_selection_ratio,gt_probability_drop,0.017158931859457063,50
20,foreground_rescue_20,1,background_selection_ratio,kl,-0.0018740093616261217,50
20,foreground_rescue_20,1,foreground_missing_ratio,kl,-0.10684002461268902,50
20,foreground_rescue_20,1,background_selection_ratio,gt_probability_drop,0.011580416824407575,50
20,foreground_rescue_20,2,background_selection_ratio,kl,-0.018546549891612616,50
20,foreground_rescue_20,2,foreground_missing_ratio,kl,0.17811922561637553,50
20,foreground_rescue_20,2,background_selection_ratio,gt_probability_drop,0.1058979169977052,50
20,foreground_rescue_20,3,background_selection_ratio,kl,-0.19776631522457533,50
20,foreground_rescue_20,3,foreground_missing_ratio,kl,0.16567725445490725,50
20,foreground_rescue_20,3,background_selection_ratio,gt_probability_drop,-0.26088629049906936,50
20,foreground_rescue_5,-1,background_selection_ratio,kl,0.061407441918061516,200
20,foreground_rescue_5,-1,foreground_missing_ratio,kl,0.1492486136354893,200
20,foreground_rescue_5,-1,background_selection_ratio,gt_probability_drop,-0.10376653469548225,200
20,foreground_rescue_5,0,background_selection_ratio,kl,0.1723285555068481,50
20,foreground_rescue_5,0,foreground_missing_ratio,kl,0.28955017382679243,50
20,foreground_rescue_5,0,background_selection_ratio,gt_probability_drop,-0.004567860706794245,50
20,foreground_rescue_5,1,background_selection_ratio,kl,-0.02018649308495517,50
20,foreground_rescue_5,1,foreground_missing_ratio,kl,0.16401339728329772,50
20,foreground_rescue_5,1,background_selection_ratio,gt_probability_drop,0.11943675075265144,50
20,foreground_rescue_5,2,background_selection_ratio,kl,0.24835387586852606,50
20,foreground_rescue_5,2,foreground_missing_ratio,kl,0.18152132176135538,50
20,foreground_rescue_5,2,background_selection_ratio,gt_probability_drop,0.19033894879801883,50
20,foreground_rescue_5,3,background_selection_ratio,kl,-0.09473482822434026,50
20,foreground_rescue_5,3,foreground_missing_ratio,kl,0.0185956239221389,50
20,foreground_rescue_5,3,background_selection_ratio,gt_probability_drop,-0.1904304559235724,50
20,random,-1,background_selection_ratio,kl,0.08461357299066265,200
20,random,-1,foreground_missing_ratio,kl,0.10211281777494226,200
20,random,-1,background_selection_ratio,gt_probability_drop,-0.028296326487387728,200
20,random,0,background_selection_ratio,kl,0.30557035512677166,50
20,random,0,foreground_missing_ratio,kl,0.23159310739082817,50
20,random,0,background_selection_ratio,gt_probability_drop,-0.15365027136525464,50
20,random,1,background_selection_ratio,kl,0.27283043216210856,50
20,random,1,foreground_missing_ratio,kl,0.16807210238565007,50
20,random,1,background_selection_ratio,gt_probability_drop,0.31140765476330945,50
20,random,2,background_selection_ratio,kl,0.01191878350171029,50
20,random,2,foreground_missing_ratio,kl,0.13685273134102002,50
20,random,2,background_selection_ratio,gt_probability_drop,0.10625979968661876,50
20,random,3,background_selection_ratio,kl,0.00860122245464297,50
20,random,3,foreground_missing_ratio,kl,0.262677679903337,50
20,random,3,background_selection_ratio,gt_probability_drop,-0.0889433673941013,50
20,random_rescue_10,-1,background_selection_ratio,kl,0.2602921264603917,200
20,random_rescue_10,-1,foreground_missing_ratio,kl,0.28265614633752184,200
20,random_rescue_10,-1,background_selection_ratio,gt_probability_drop,0.05356989235792041,200
20,random_rescue_10,0,background_selection_ratio,kl,0.4169439785361131,50
20,random_rescue_10,0,foreground_missing_ratio,kl,0.4215909920415235,50
20,random_rescue_10,0,background_selection_ratio,gt_probability_drop,-0.0990043507358164,50
20,random_rescue_10,1,background_selection_ratio,kl,0.4276035672194175,50
20,random_rescue_10,1,foreground_missing_ratio,kl,0.34093840231731026,50
20,random_rescue_10,1,background_selection_ratio,gt_probability_drop,0.2818012270369369,50
20,random_rescue_10,2,background_selection_ratio,kl,0.3475002533003802,50
20,random_rescue_10,2,foreground_missing_ratio,kl,0.4435747219866772,50
20,random_rescue_10,2,background_selection_ratio,gt_probability_drop,0.43721028827159286,50
20,random_rescue_10,3,background_selection_ratio,kl,0.038343270982113126,50
20,random_rescue_10,3,foreground_missing_ratio,kl,0.07208029205391388,50
20,random_rescue_10,3,background_selection_ratio,gt_probability_drop,0.0023544113760946652,50
20,random_rescue_20,-1,background_selection_ratio,kl,0.18868029408866901,200
20,random_rescue_20,-1,foreground_missing_ratio,kl,0.17269273217138803,200
20,random_rescue_20,-1,background_selection_ratio,gt_probability_drop,-0.00979694511351734,200
20,random_rescue_20,0,background_selection_ratio,kl,0.3271234939972268,50
20,random_rescue_20,0,foreground_missing_ratio,kl,0.303078328248089,50
20,random_rescue_20,0,background_selection_ratio,gt_probability_drop,-0.00759634215925365,50
20,random_rescue_20,1,background_selection_ratio,kl,0.2551310960151222,50
20,random_rescue_20,1,foreground_missing_ratio,kl,0.23564847585566942,50
20,random_rescue_20,1,background_selection_ratio,gt_probability_drop,0.11718342352766915,50
20,random_rescue_20,2,background_selection_ratio,kl,0.4109846684612364,50
20,random_rescue_20,2,foreground_missing_ratio,kl,0.39847295264673105,50
20,random_rescue_20,2,background_selection_ratio,gt_probability_drop,0.33174770852991653,50
20,random_rescue_20,3,background_selection_ratio,kl,-0.010428183196967138,50
20,random_rescue_20,3,foreground_missing_ratio,kl,-0.033423776108998784,50
20,random_rescue_20,3,background_selection_ratio,gt_probability_drop,-0.038444915011860425,50
20,random_rescue_5,-1,background_selection_ratio,kl,0.20973547874300782,200
20,random_rescue_5,-1,foreground_missing_ratio,kl,0.23294284326332645,200
20,random_rescue_5,-1,background_selection_ratio,gt_probability_drop,-0.019485185799933153,200
20,random_rescue_5,0,background_selection_ratio,kl,0.397356862871535,50
20,random_rescue_5,0,foreground_missing_ratio,kl,0.35189320281938363,50
20,random_rescue_5,0,background_selection_ratio,gt_probability_drop,-0.12120633867465062,50
20,random_rescue_5,1,background_selection_ratio,kl,0.15997890259310418,50
20,random_rescue_5,1,foreground_missing_ratio,kl,0.17024384435616421,50
20,random_rescue_5,1,background_selection_ratio,gt_probability_drop,0.12153398758124376,50
20,random_rescue_5,2,background_selection_ratio,kl,0.3677244696667897,50
20,random_rescue_5,2,foreground_missing_ratio,kl,0.3898679471788715,50
20,random_rescue_5,2,background_selection_ratio,gt_probability_drop,0.3759879408952569,50
20,random_rescue_5,3,background_selection_ratio,kl,0.09406170770016099,50
20,random_rescue_5,3,foreground_missing_ratio,kl,0.19891943954152672,50
20,random_rescue_5,3,background_selection_ratio,gt_probability_drop,-0.012881214953317907,50
20,student,-1,background_selection_ratio,kl,0.21056565960349383,200
20,student,-1,foreground_missing_ratio,kl,0.24185519075260145,200
20,student,-1,background_selection_ratio,gt_probability_drop,0.021194768243989255,200
20,student,0,background_selection_ratio,kl,0.2209882927202773,50
20,student,0,foreground_missing_ratio,kl,0.18934882849339268,50
20,student,0,background_selection_ratio,gt_probability_drop,-0.01274192723474184,50
20,student,1,background_selection_ratio,kl,0.36210304326796033,50
20,student,1,foreground_missing_ratio,kl,0.42210712496243674,50
20,student,1,background_selection_ratio,gt_probability_drop,0.20005772649296866,50
20,student,2,background_selection_ratio,kl,0.44291192460755413,50
20,student,2,foreground_missing_ratio,kl,0.4584503830945218,50
20,student,2,background_selection_ratio,gt_probability_drop,0.43685583101009867,50
20,student,3,background_selection_ratio,kl,-0.12904467278873757,50
20,student,3,foreground_missing_ratio,kl,-0.03135804844184261,50
20,student,3,background_selection_ratio,gt_probability_drop,-0.19414353043160404,50
40,foreground_rescue_10,-1,background_selection_ratio,kl,-0.08729061005829626,200
40,foreground_rescue_10,-1,foreground_missing_ratio,kl,0.20454436586219202,200
40,foreground_rescue_10,-1,background_selection_ratio,gt_probability_drop,-0.22496285755005266,200
40,foreground_rescue_10,0,background_selection_ratio,kl,0.1650279240619186,50
40,foreground_rescue_10,0,foreground_missing_ratio,kl,0.3351953697812011,50
40,foreground_rescue_10,0,background_selection_ratio,gt_probability_drop,-0.11506754728443218,50
40,foreground_rescue_10,1,background_selection_ratio,kl,-0.02393656477308418,50
40,foreground_rescue_10,1,foreground_missing_ratio,kl,0.20870350844854973,50
40,foreground_rescue_10,1,background_selection_ratio,gt_probability_drop,-0.034703212381861,50
40,foreground_rescue_10,2,background_selection_ratio,kl,-0.07326095996050654,50
40,foreground_rescue_10,2,foreground_missing_ratio,kl,0.1849357763851136,50
40,foreground_rescue_10,2,background_selection_ratio,gt_probability_drop,0.08224443505074572,50
40,foreground_rescue_10,3,background_selection_ratio,kl,-0.24872643265391195,50
40,foreground_rescue_10,3,foreground_missing_ratio,kl,0.1514901846288393,50
40,foreground_rescue_10,3,background_selection_ratio,gt_probability_drop,-0.3098626688540619,50
40,foreground_rescue_20,-1,background_selection_ratio,kl,-0.027842849773312948,200
40,foreground_rescue_20,-1,foreground_missing_ratio,kl,0.10829524525948425,200
40,foreground_rescue_20,-1,background_selection_ratio,gt_probability_drop,-0.1163550989031329,200
40,foreground_rescue_20,0,background_selection_ratio,kl,0.05186255700834906,50
40,foreground_rescue_20,0,foreground_missing_ratio,kl,0.08871959079159263,50
40,foreground_rescue_20,0,background_selection_ratio,gt_probability_drop,0.06681089364374902,50
40,foreground_rescue_20,1,background_selection_ratio,kl,0.024936941434577583,50
40,foreground_rescue_20,1,foreground_missing_ratio,kl,-0.0050428306916039745,50
40,foreground_rescue_20,1,background_selection_ratio,gt_probability_drop,-0.08663064625538225,50
40,foreground_rescue_20,2,background_selection_ratio,kl,-0.007783410994214788,50
40,foreground_rescue_20,2,foreground_missing_ratio,kl,0.17133515442902922,50
40,foreground_rescue_20,2,background_selection_ratio,gt_probability_drop,0.21505276302534196,50
40,foreground_rescue_20,3,background_selection_ratio,kl,-0.0735545026208329,50
40,foreground_rescue_20,3,foreground_missing_ratio,kl,0.19364409262567786,50
40,foreground_rescue_20,3,background_selection_ratio,gt_probability_drop,-0.14470683337292534,50
40,foreground_rescue_5,-1,background_selection_ratio,kl,0.017783447848440583,200
40,foreground_rescue_5,-1,foreground_missing_ratio,kl,0.24944946197504755,200
40,foreground_rescue_5,-1,background_selection_ratio,gt_probability_drop,-0.18102247400832888,200
40,foreground_rescue_5,0,background_selection_ratio,kl,0.24428490196941646,50
40,foreground_rescue_5,0,foreground_missing_ratio,kl,0.47461213093030924,50
40,foreground_rescue_5,0,background_selection_ratio,gt_probability_drop,-0.11005080507931396,50
40,foreground_rescue_5,1,background_selection_ratio,kl,0.07276770633959619,50
40,foreground_rescue_5,1,foreground_missing_ratio,kl,0.25645410023374277,50
40,foreground_rescue_5,1,background_selection_ratio,gt_probability_drop,0.02550719865078438,50
40,foreground_rescue_5,2,background_selection_ratio,kl,0.25538156048863564,50
40,foreground_rescue_5,2,foreground_missing_ratio,kl,0.2534575492741888,50
40,foreground_rescue_5,2,background_selection_ratio,gt_probability_drop,0.21405923837758642,50
40,foreground_rescue_5,3,background_selection_ratio,kl,-0.3961467049642366,50
40,foreground_rescue_5,3,foreground_missing_ratio,kl,0.19157778348461432,50
40,foreground_rescue_5,3,background_selection_ratio,gt_probability_drop,-0.42449437699927595,50
40,random,-1,background_selection_ratio,kl,0.08461357299066265,200
40,random,-1,foreground_missing_ratio,kl,0.10211281777494226,200
40,random,-1,background_selection_ratio,gt_probability_drop,-0.028296326487387728,200
40,random,0,background_selection_ratio,kl,0.30557035512677166,50
40,random,0,foreground_missing_ratio,kl,0.23159310739082817,50
40,random,0,background_selection_ratio,gt_probability_drop,-0.15365027136525464,50
40,random,1,background_selection_ratio,kl,0.27283043216210856,50
40,random,1,foreground_missing_ratio,kl,0.16807210238565007,50
40,random,1,background_selection_ratio,gt_probability_drop,0.31140765476330945,50
40,random,2,background_selection_ratio,kl,0.01191878350171029,50
40,random,2,foreground_missing_ratio,kl,0.13685273134102002,50
40,random,2,background_selection_ratio,gt_probability_drop,0.10625979968661876,50
40,random,3,background_selection_ratio,kl,0.00860122245464297,50
40,random,3,foreground_missing_ratio,kl,0.262677679903337,50
40,random,3,background_selection_ratio,gt_probability_drop,-0.0889433673941013,50
40,random_rescue_10,-1,background_selection_ratio,kl,0.13334305358328616,200
40,random_rescue_10,-1,foreground_missing_ratio,kl,0.2846334751916744,200
40,random_rescue_10,-1,background_selection_ratio,gt_probability_drop,-0.062132110566342776,200
40,random_rescue_10,0,background_selection_ratio,kl,0.45280417328811406,50
40,random_rescue_10,0,foreground_missing_ratio,kl,0.5024493376519128,50
40,random_rescue_10,0,background_selection_ratio,gt_probability_drop,-0.3356971591539336,50
40,random_rescue_10,1,background_selection_ratio,kl,0.07074674988352692,50
40,random_rescue_10,1,foreground_missing_ratio,kl,0.36060220517596536,50
40,random_rescue_10,1,background_selection_ratio,gt_probability_drop,0.30679368967166426,50
40,random_rescue_10,2,background_selection_ratio,kl,0.4054406284758486,50
40,random_rescue_10,2,foreground_missing_ratio,kl,0.3950154866801651,50
40,random_rescue_10,2,background_selection_ratio,gt_probability_drop,0.3582930162739985,50
40,random_rescue_10,3,background_selection_ratio,kl,-0.10719779142994283,50
40,random_rescue_10,3,foreground_missing_ratio,kl,-0.023001200480192076,50
40,random_rescue_10,3,background_selection_ratio,gt_probability_drop,-0.1410724857186518,50
40,random_rescue_20,-1,background_selection_ratio,kl,0.08737435701479612,200
40,random_rescue_20,-1,foreground_missing_ratio,kl,0.1978944229525234,200
40,random_rescue_20,-1,background_selection_ratio,gt_probability_drop,-0.11800452770105653,200
40,random_rescue_20,0,background_selection_ratio,kl,0.24351098735603402,50
40,random_rescue_20,0,foreground_missing_ratio,kl,0.3654442140799995,50
40,random_rescue_20,0,background_selection_ratio,gt_probability_drop,-0.12295718627254934,50
40,random_rescue_20,1,background_selection_ratio,kl,0.17665174997360575,50
40,random_rescue_20,1,foreground_missing_ratio,kl,0.33678346647667695,50
40,random_rescue_20,1,background_selection_ratio,gt_probability_drop,-0.10909712049268139,50
40,random_rescue_20,2,background_selection_ratio,kl,0.3103797058111442,50
40,random_rescue_20,2,foreground_missing_ratio,kl,0.376305617227176,50
40,random_rescue_20,2,background_selection_ratio,gt_probability_drop,0.3980298967694237,50
40,random_rescue_20,3,background_selection_ratio,kl,-0.13176360943399248,50
40,random_rescue_20,3,foreground_missing_ratio,kl,-0.14635318361742652,50
40,random_rescue_20,3,background_selection_ratio,gt_probability_drop,-0.22008655405094293,50
40,random_rescue_5,-1,background_selection_ratio,kl,0.15945014336497115,200
40,random_rescue_5,-1,foreground_missing_ratio,kl,0.2749045090636298,200
40,random_rescue_5,-1,background_selection_ratio,gt_probability_drop,-0.048073512121849286,200
40,random_rescue_5,0,background_selection_ratio,kl,0.4187836786875333,50
40,random_rescue_5,0,foreground_missing_ratio,kl,0.5388660835442531,50
40,random_rescue_5,0,background_selection_ratio,gt_probability_drop,-0.16918610684954863,50
40,random_rescue_5,1,background_selection_ratio,kl,0.18613726516424448,50
40,random_rescue_5,1,foreground_missing_ratio,kl,0.34138494084695115,50
40,random_rescue_5,1,background_selection_ratio,gt_probability_drop,0.24355082615781404,50
40,random_rescue_5,2,background_selection_ratio,kl,0.325701047321829,50
40,random_rescue_5,2,foreground_missing_ratio,kl,0.338263542456875,50
40,random_rescue_5,2,background_selection_ratio,gt_probability_drop,0.31556193239339797,50
40,random_rescue_5,3,background_selection_ratio,kl,-0.2108022401389086,50
40,random_rescue_5,3,foreground_missing_ratio,kl,-0.021562177403650077,50
40,random_rescue_5,3,background_selection_ratio,gt_probability_drop,-0.20729287559383672,50
40,student,-1,background_selection_ratio,kl,0.15935970074046468,200
40,student,-1,foreground_missing_ratio,kl,0.32441592988734586,200
40,student,-1,background_selection_ratio,gt_probability_drop,-0.06283210868252719,200
40,student,0,background_selection_ratio,kl,0.3437585217636937,50
40,student,0,foreground_missing_ratio,kl,0.461641896172134,50
40,student,0,background_selection_ratio,gt_probability_drop,-0.17163887030718689,50
40,student,1,background_selection_ratio,kl,0.22279458055520804,50
40,student,1,foreground_missing_ratio,kl,0.4507251991840186,50
40,student,1,background_selection_ratio,gt_probability_drop,0.12359302039437041,50
40,student,2,background_selection_ratio,kl,0.3804628049823576,50
40,student,2,foreground_missing_ratio,kl,0.3626017432436089,50
40,student,2,background_selection_ratio,gt_probability_drop,0.3925714974369616,50
40,student,3,background_selection_ratio,kl,-0.09523811678828137,50
40,student,3,foreground_missing_ratio,kl,0.11851709579550927,50
40,student,3,background_selection_ratio,gt_probability_drop,-0.13295856163126868,50
60,foreground_rescue_10,-1,background_selection_ratio,kl,0.08605000572962836,200
60,foreground_rescue_10,-1,foreground_missing_ratio,kl,0.1733371265829253,200
60,foreground_rescue_10,-1,background_selection_ratio,gt_probability_drop,-0.17820361509217408,200
60,foreground_rescue_10,0,background_selection_ratio,kl,0.0864049464891563,50
60,foreground_rescue_10,0,foreground_missing_ratio,kl,0.13594865465128073,50
60,foreground_rescue_10,0,background_selection_ratio,gt_probability_drop,-0.10202319321272459,50
60,foreground_rescue_10,1,background_selection_ratio,kl,0.20472154078976315,50
60,foreground_rescue_10,1,foreground_missing_ratio,kl,0.21805945277528704,50
60,foreground_rescue_10,1,background_selection_ratio,gt_probability_drop,-0.1930382776587363,50
60,foreground_rescue_10,2,background_selection_ratio,kl,-0.008937153386808323,50
60,foreground_rescue_10,2,foreground_missing_ratio,kl,0.16768951219191858,50
60,foreground_rescue_10,2,background_selection_ratio,gt_probability_drop,0.002786854281907972,50
60,foreground_rescue_10,3,background_selection_ratio,kl,0.02980412751625947,50
60,foreground_rescue_10,3,foreground_missing_ratio,kl,0.27062394780800497,50
60,foreground_rescue_10,3,background_selection_ratio,gt_probability_drop,-0.06758806981913035,50
60,foreground_rescue_20,-1,background_selection_ratio,kl,0.04072510269117418,200
60,foreground_rescue_20,-1,foreground_missing_ratio,kl,0.15105597005106194,200
60,foreground_rescue_20,-1,background_selection_ratio,gt_probability_drop,-0.22732261499233367,200
60,foreground_rescue_20,0,background_selection_ratio,kl,0.04186495565734201,50
60,foreground_rescue_20,0,foreground_missing_ratio,kl,0.03815998529986813,50
60,foreground_rescue_20,0,background_selection_ratio,gt_probability_drop,0.07849078368362745,50
60,foreground_rescue_20,1,background_selection_ratio,kl,0.23189107057904243,50
60,foreground_rescue_20,1,foreground_missing_ratio,kl,0.13703368749412212,50
60,foreground_rescue_20,1,background_selection_ratio,gt_probability_drop,-0.1799966743450255,50
60,foreground_rescue_20,2,background_selection_ratio,kl,-0.06289037103888208,50
60,foreground_rescue_20,2,foreground_missing_ratio,kl,0.1144472016386285,50
60,foreground_rescue_20,2,background_selection_ratio,gt_probability_drop,-0.13707122121767043,50
60,foreground_rescue_20,3,background_selection_ratio,kl,-0.04409293797675336,50
60,foreground_rescue_20,3,foreground_missing_ratio,kl,0.4180576364958783,50
60,foreground_rescue_20,3,background_selection_ratio,gt_probability_drop,-0.22214762644776506,50
60,foreground_rescue_5,-1,background_selection_ratio,kl,0.06942891300673587,200
60,foreground_rescue_5,-1,foreground_missing_ratio,kl,0.28468316275759487,200
60,foreground_rescue_5,-1,background_selection_ratio,gt_probability_drop,-0.16322138882665824,200
60,foreground_rescue_5,0,background_selection_ratio,kl,0.10979244886482267,50
60,foreground_rescue_5,0,foreground_missing_ratio,kl,0.3376561096408939,50
60,foreground_rescue_5,0,background_selection_ratio,gt_probability_drop,-0.02517778696068581,50
60,foreground_rescue_5,1,background_selection_ratio,kl,0.1522784855791385,50
60,foreground_rescue_5,1,foreground_missing_ratio,kl,0.28764964526567877,50
60,foreground_rescue_5,1,background_selection_ratio,gt_probability_drop,-0.06989044129800107,50
60,foreground_rescue_5,2,background_selection_ratio,kl,0.07917748775559791,50
60,foreground_rescue_5,2,foreground_missing_ratio,kl,0.22084534738674685,50
60,foreground_rescue_5,2,background_selection_ratio,gt_probability_drop,0.034880373853497626,50
60,foreground_rescue_5,3,background_selection_ratio,kl,0.07611681659454805,50
60,foreground_rescue_5,3,foreground_missing_ratio,kl,0.4396993136720962,50
60,foreground_rescue_5,3,background_selection_ratio,gt_probability_drop,-0.09602355195155558,50
60,random,-1,background_selection_ratio,kl,0.08461357299066265,200
60,random,-1,foreground_missing_ratio,kl,0.10211281777494226,200
60,random,-1,background_selection_ratio,gt_probability_drop,-0.028296326487387728,200
60,random,0,background_selection_ratio,kl,0.30557035512677166,50
60,random,0,foreground_missing_ratio,kl,0.23159310739082817,50
60,random,0,background_selection_ratio,gt_probability_drop,-0.15365027136525464,50
60,random,1,background_selection_ratio,kl,0.27283043216210856,50
60,random,1,foreground_missing_ratio,kl,0.16807210238565007,50
60,random,1,background_selection_ratio,gt_probability_drop,0.31140765476330945,50
60,random,2,background_selection_ratio,kl,0.01191878350171029,50
60,random,2,foreground_missing_ratio,kl,0.13685273134102002,50
60,random,2,background_selection_ratio,gt_probability_drop,0.10625979968661876,50
60,random,3,background_selection_ratio,kl,0.00860122245464297,50
60,random,3,foreground_missing_ratio,kl,0.262677679903337,50
60,random,3,background_selection_ratio,gt_probability_drop,-0.0889433673941013,50
60,random_rescue_10,-1,background_selection_ratio,kl,0.27006173224396224,200
60,random_rescue_10,-1,foreground_missing_ratio,kl,0.31720299272210234,200
60,random_rescue_10,-1,background_selection_ratio,gt_probability_drop,0.00033919245681667383,200
60,random_rescue_10,0,background_selection_ratio,kl,0.4265360754570815,50
60,random_rescue_10,0,foreground_missing_ratio,kl,0.40746254368918006,50
60,random_rescue_10,0,background_selection_ratio,gt_probability_drop,-0.31567321762928885,50
60,random_rescue_10,1,background_selection_ratio,kl,0.485097883284367,50
60,random_rescue_10,1,foreground_missing_ratio,kl,0.44199001203479227,50
60,random_rescue_10,1,background_selection_ratio,gt_probability_drop,0.20214414817270474,50
60,random_rescue_10,2,background_selection_ratio,kl,0.29864242209527314,50
60,random_rescue_10,2,foreground_missing_ratio,kl,0.3003986867632048,50
60,random_rescue_10,2,background_selection_ratio,gt_probability_drop,0.2751893319790045,50
60,random_rescue_10,3,background_selection_ratio,kl,0.0416126181325185,50
60,random_rescue_10,3,foreground_missing_ratio,kl,0.21817221442419085,50
60,random_rescue_10,3,background_selection_ratio,gt_probability_drop,-0.028734810211600535,50
60,random_rescue_20,-1,background_selection_ratio,kl,0.28063370036647967,200
60,random_rescue_20,-1,foreground_missing_ratio,kl,0.16427944977165337,200
60,random_rescue_20,-1,background_selection_ratio,gt_probability_drop,-0.04591083912866017,200
60,random_rescue_20,0,background_selection_ratio,kl,0.3634663111995317,50
60,random_rescue_20,0,foreground_missing_ratio,kl,0.22940032981845393,50
60,random_rescue_20,0,background_selection_ratio,gt_probability_drop,-0.29098467417720886,50
60,random_rescue_20,1,background_selection_ratio,kl,0.6287575670212038,50
60,random_rescue_20,1,foreground_missing_ratio,kl,0.3109691704546106,50
60,random_rescue_20,1,background_selection_ratio,gt_probability_drop,0.2515992038741826,50
60,random_rescue_20,2,background_selection_ratio,kl,0.32959331419008925,50
60,random_rescue_20,2,foreground_missing_ratio,kl,0.03419012360339675,50
60,random_rescue_20,2,background_selection_ratio,gt_probability_drop,0.2677014657170123,50
60,random_rescue_20,3,background_selection_ratio,kl,-0.01120408860114497,50
60,random_rescue_20,3,foreground_missing_ratio,kl,0.09724823557318654,50
60,random_rescue_20,3,background_selection_ratio,gt_probability_drop,-0.20152933616909258,50
60,random_rescue_5,-1,background_selection_ratio,kl,0.33230929627518163,200
60,random_rescue_5,-1,foreground_missing_ratio,kl,0.38445297178365334,200
60,random_rescue_5,-1,background_selection_ratio,gt_probability_drop,0.03990338061341728,200
60,random_rescue_5,0,background_selection_ratio,kl,0.3534418259038527,50
60,random_rescue_5,0,foreground_missing_ratio,kl,0.3782563808144494,50
60,random_rescue_5,0,background_selection_ratio,gt_probability_drop,-0.2203423541334504,50
60,random_rescue_5,1,background_selection_ratio,kl,0.44878655679977314,50
60,random_rescue_5,1,foreground_missing_ratio,kl,0.4339473216795175,50
60,random_rescue_5,1,background_selection_ratio,gt_probability_drop,0.2157655406955319,50
60,random_rescue_5,2,background_selection_ratio,kl,0.4454323965561678,50
60,random_rescue_5,2,foreground_missing_ratio,kl,0.3540541190484874,50
60,random_rescue_5,2,background_selection_ratio,gt_probability_drop,0.36037302209242666,50
60,random_rescue_5,3,background_selection_ratio,kl,0.33459883752330033,50
60,random_rescue_5,3,foreground_missing_ratio,kl,0.5613849751640744,50
60,random_rescue_5,3,background_selection_ratio,gt_probability_drop,0.22436334516678005,50
60,student,-1,background_selection_ratio,kl,0.328107330915321,200
60,student,-1,foreground_missing_ratio,kl,0.39756561912572874,200
60,student,-1,background_selection_ratio,gt_probability_drop,0.06992795744140974,200
60,student,0,background_selection_ratio,kl,0.41932547100363565,50
60,student,0,foreground_missing_ratio,kl,0.45654053068391687,50
60,student,0,background_selection_ratio,gt_probability_drop,-0.2528830014772699,50
60,student,1,background_selection_ratio,kl,0.4757970261461636,50
60,student,1,foreground_missing_ratio,kl,0.5137711647067245,50
60,student,1,background_selection_ratio,gt_probability_drop,0.40311516076598586,50
60,student,2,background_selection_ratio,kl,0.4547420640817562,50
60,student,2,foreground_missing_ratio,kl,0.31955619645774164,50
60,student,2,background_selection_ratio,gt_probability_drop,0.38526958392726923,50
60,student,3,background_selection_ratio,kl,0.21957174119011447,50
60,student,3,foreground_missing_ratio,kl,0.42988186019138525,50
60,student,3,background_selection_ratio,gt_probability_drop,0.11404262833773524,50
80,foreground_rescue_10,-1,background_selection_ratio,kl,0.12006419368864457,200
80,foreground_rescue_10,-1,foreground_missing_ratio,kl,0.23352593024328905,200
80,foreground_rescue_10,-1,background_selection_ratio,gt_probability_drop,-0.12221239096096648,200
80,foreground_rescue_10,0,background_selection_ratio,kl,0.12089318350819206,50
80,foreground_rescue_10,0,foreground_missing_ratio,kl,0.11157374353283336,50
80,foreground_rescue_10,0,background_selection_ratio,gt_probability_drop,-0.09584930732220077,50
80,foreground_rescue_10,1,background_selection_ratio,kl,0.25604929115616015,50
80,foreground_rescue_10,1,foreground_missing_ratio,kl,0.2945849232265879,50
80,foreground_rescue_10,1,background_selection_ratio,gt_probability_drop,0.03642743293850777,50
80,foreground_rescue_10,2,background_selection_ratio,kl,0.15371681917543495,50
80,foreground_rescue_10,2,foreground_missing_ratio,kl,0.19268611150325005,50
80,foreground_rescue_10,2,background_selection_ratio,gt_probability_drop,0.13473646794870886,50
80,foreground_rescue_10,3,background_selection_ratio,kl,-0.02603829148698139,50
80,foreground_rescue_10,3,foreground_missing_ratio,kl,0.24980055287267933,50
80,foreground_rescue_10,3,background_selection_ratio,gt_probability_drop,-0.20830633189585113,50
80,foreground_rescue_20,-1,background_selection_ratio,kl,0.0497921069601623,200
80,foreground_rescue_20,-1,foreground_missing_ratio,kl,0.11535327907601016,200
80,foreground_rescue_20,-1,background_selection_ratio,gt_probability_drop,-0.20884112287904932,200
80,foreground_rescue_20,0,background_selection_ratio,kl,0.0712758205426992,50
80,foreground_rescue_20,0,foreground_missing_ratio,kl,-0.13118698175813828,50
80,foreground_rescue_20,0,background_selection_ratio,gt_probability_drop,-0.1508038054894952,50
80,foreground_rescue_20,1,background_selection_ratio,kl,0.28425913675461306,50
80,foreground_rescue_20,1,foreground_missing_ratio,kl,0.08754161054009185,50
80,foreground_rescue_20,1,background_selection_ratio,gt_probability_drop,-0.1468864403412529,50
80,foreground_rescue_20,2,background_selection_ratio,kl,0.16870078247894635,50
80,foreground_rescue_20,2,foreground_missing_ratio,kl,0.010743064615780156,50
80,foreground_rescue_20,2,background_selection_ratio,gt_probability_drop,0.14059199360108146,50
80,foreground_rescue_20,3,background_selection_ratio,kl,-0.21774855875050578,50
80,foreground_rescue_20,3,foreground_missing_ratio,kl,0.3212793116454862,50
80,foreground_rescue_20,3,background_selection_ratio,gt_probability_drop,-0.3350310459327619,50
80,foreground_rescue_5,-1,background_selection_ratio,kl,0.11929427899149307,200
80,foreground_rescue_5,-1,foreground_missing_ratio,kl,0.21765043683472787,200
80,foreground_rescue_5,-1,background_selection_ratio,gt_probability_drop,-0.10274078411536243,200
80,foreground_rescue_5,0,background_selection_ratio,kl,0.1847411442765095,50
80,foreground_rescue_5,0,foreground_missing_ratio,kl,0.11001903368710704,50
80,foreground_rescue_5,0,background_selection_ratio,gt_probability_drop,-0.12461857104812414,50
80,foreground_rescue_5,1,background_selection_ratio,kl,0.20711377029562197,50
80,foreground_rescue_5,1,foreground_missing_ratio,kl,0.24944855852697284,50
80,foreground_rescue_5,1,background_selection_ratio,gt_probability_drop,0.05950495419493618,50
80,foreground_rescue_5,2,background_selection_ratio,kl,0.11389032208576869,50
80,foreground_rescue_5,2,foreground_missing_ratio,kl,0.20582515000455287,50
80,foreground_rescue_5,2,background_selection_ratio,gt_probability_drop,0.09510082169102796,50
80,foreground_rescue_5,3,background_selection_ratio,kl,0.013696330326483791,50
80,foreground_rescue_5,3,foreground_missing_ratio,kl,0.252473348120446,50
80,foreground_rescue_5,3,background_selection_ratio,gt_probability_drop,-0.18689483733226478,50
80,random,-1,background_selection_ratio,kl,0.08461357299066265,200
80,random,-1,foreground_missing_ratio,kl,0.10211281777494226,200
80,random,-1,background_selection_ratio,gt_probability_drop,-0.028296326487387728,200
80,random,0,background_selection_ratio,kl,0.30557035512677166,50
80,random,0,foreground_missing_ratio,kl,0.23159310739082817,50
80,random,0,background_selection_ratio,gt_probability_drop,-0.15365027136525464,50
80,random,1,background_selection_ratio,kl,0.27283043216210856,50
80,random,1,foreground_missing_ratio,kl,0.16807210238565007,50
80,random,1,background_selection_ratio,gt_probability_drop,0.31140765476330945,50
80,random,2,background_selection_ratio,kl,0.01191878350171029,50
80,random,2,foreground_missing_ratio,kl,0.13685273134102002,50
80,random,2,background_selection_ratio,gt_probability_drop,0.10625979968661876,50
80,random,3,background_selection_ratio,kl,0.00860122245464297,50
80,random,3,foreground_missing_ratio,kl,0.262677679903337,50
80,random,3,background_selection_ratio,gt_probability_drop,-0.0889433673941013,50
80,random_rescue_10,-1,background_selection_ratio,kl,0.2711848060493844,200
80,random_rescue_10,-1,foreground_missing_ratio,kl,0.3203483229587337,200
80,random_rescue_10,-1,background_selection_ratio,gt_probability_drop,0.0009117940341317951,200
80,random_rescue_10,0,background_selection_ratio,kl,0.30891038690239486,50
80,random_rescue_10,0,foreground_missing_ratio,kl,0.35325473715200445,50
80,random_rescue_10,0,background_selection_ratio,gt_probability_drop,-0.25522030875521023,50
80,random_rescue_10,1,background_selection_ratio,kl,0.48482858819944746,50
80,random_rescue_10,1,foreground_missing_ratio,kl,0.4665305935052406,50
80,random_rescue_10,1,background_selection_ratio,gt_probability_drop,0.10815111038093209,50
80,random_rescue_10,2,background_selection_ratio,kl,0.3723772296729729,50
80,random_rescue_10,2,foreground_missing_ratio,kl,0.1191190992357131,50
80,random_rescue_10,2,background_selection_ratio,gt_probability_drop,0.3919431388489218,50
80,random_rescue_10,3,background_selection_ratio,kl,0.1357586061356321,50
80,random_rescue_10,3,foreground_missing_ratio,kl,0.19441909969267362,50
80,random_rescue_10,3,background_selection_ratio,gt_probability_drop,-0.010284014765672663,50
80,random_rescue_20,-1,background_selection_ratio,kl,0.20906014876299805,200
80,random_rescue_20,-1,foreground_missing_ratio,kl,0.2850186635779564,200
80,random_rescue_20,-1,background_selection_ratio,gt_probability_drop,0.00904076336072003,200
80,random_rescue_20,0,background_selection_ratio,kl,0.25003020546464394,50
80,random_rescue_20,0,foreground_missing_ratio,kl,0.21533363803556116,50
80,random_rescue_20,0,background_selection_ratio,gt_probability_drop,-0.22344556719855124,50
80,random_rescue_20,1,background_selection_ratio,kl,0.5494547461945045,50
80,random_rescue_20,1,foreground_missing_ratio,kl,0.4923749541392318,50
80,random_rescue_20,1,background_selection_ratio,gt_probability_drop,0.16185041355480023,50
80,random_rescue_20,2,background_selection_ratio,kl,0.19848175114702987,50
80,random_rescue_20,2,foreground_missing_ratio,kl,0.3045670666692094,50
80,random_rescue_20,2,background_selection_ratio,gt_probability_drop,0.22308176484523357,50
80,random_rescue_20,3,background_selection_ratio,kl,0.13025828175171453,50
80,random_rescue_20,3,foreground_missing_ratio,kl,0.1306665387599598,50
80,random_rescue_20,3,background_selection_ratio,gt_probability_drop,0.16557360343652092,50
80,random_rescue_5,-1,background_selection_ratio,kl,0.32480332308088006,200
80,random_rescue_5,-1,foreground_missing_ratio,kl,0.3391553818301744,200
80,random_rescue_5,-1,background_selection_ratio,gt_probability_drop,0.008751207946483815,200
80,random_rescue_5,0,background_selection_ratio,kl,0.27975214083833266,50
80,random_rescue_5,0,foreground_missing_ratio,kl,0.3036880525975692,50
80,random_rescue_5,0,background_selection_ratio,gt_probability_drop,-0.2510941353485345,50
80,random_rescue_5,1,background_selection_ratio,kl,0.5662111014267791,50
80,random_rescue_5,1,foreground_missing_ratio,kl,0.5237958051341953,50
80,random_rescue_5,1,background_selection_ratio,gt_probability_drop,0.1119735075814289,50
80,random_rescue_5,2,background_selection_ratio,kl,0.4299929888755243,50
80,random_rescue_5,2,foreground_missing_ratio,kl,0.17887584340914356,50
80,random_rescue_5,2,background_selection_ratio,gt_probability_drop,0.39394394554256623,50
80,random_rescue_5,3,background_selection_ratio,kl,0.1577683813401475,50
80,random_rescue_5,3,foreground_missing_ratio,kl,0.28084329957135545,50
80,random_rescue_5,3,background_selection_ratio,gt_probability_drop,-0.021356451620434598,50
80,student,-1,background_selection_ratio,kl,0.2715403244653413,200
80,student,-1,foreground_missing_ratio,kl,0.3289254544964217,200
80,student,-1,background_selection_ratio,gt_probability_drop,-0.009064790423499761,200
80,student,0,background_selection_ratio,kl,0.2891209077939257,50
80,student,0,foreground_missing_ratio,kl,0.26678513388036473,50
80,student,0,background_selection_ratio,gt_probability_drop,-0.28714984739825716,50
80,student,1,background_selection_ratio,kl,0.48761166306496334,50
80,student,1,foreground_missing_ratio,kl,0.5116960681305438,50
80,student,1,background_selection_ratio,gt_probability_drop,0.1531326523928017,50
80,student,2,background_selection_ratio,kl,0.440472022041416,50
80,student,2,foreground_missing_ratio,kl,0.22159254864518504,50
80,student,2,background_selection_ratio,gt_probability_drop,0.3792019120585658,50
80,student,3,background_selection_ratio,kl,0.1093277231515277,50
80,student,3,foreground_missing_ratio,kl,0.20712176153112194,50
80,student,3,background_selection_ratio,gt_probability_drop,-0.048104198186672185,50
100,foreground_rescue_10,-1,background_selection_ratio,kl,0.02064825578712037,200
100,foreground_rescue_10,-1,foreground_missing_ratio,kl,0.2267839600204964,200
100,foreground_rescue_10,-1,background_selection_ratio,gt_probability_drop,-0.10345588032942103,200
100,foreground_rescue_10,0,background_selection_ratio,kl,0.15973666577931925,50
100,foreground_rescue_10,0,foreground_missing_ratio,kl,0.12845632308207788,50
100,foreground_rescue_10,0,background_selection_ratio,gt_probability_drop,-0.10195650560274937,50
100,foreground_rescue_10,1,background_selection_ratio,kl,0.22863463900225178,50
100,foreground_rescue_10,1,foreground_missing_ratio,kl,0.28973696553468453,50
100,foreground_rescue_10,1,background_selection_ratio,gt_probability_drop,0.13868002693579207,50
100,foreground_rescue_10,2,background_selection_ratio,kl,-0.07236559227202408,50
100,foreground_rescue_10,2,foreground_missing_ratio,kl,0.14070027144613814,50
100,foreground_rescue_10,2,background_selection_ratio,gt_probability_drop,0.019028402748819083,50
100,foreground_rescue_10,3,background_selection_ratio,kl,-0.22489193732716442,50
100,foreground_rescue_10,3,foreground_missing_ratio,kl,0.406208336642027,50
100,foreground_rescue_10,3,background_selection_ratio,gt_probability_drop,-0.3122538052888706,50
100,foreground_rescue_20,-1,background_selection_ratio,kl,-0.03718140536657633,200
100,foreground_rescue_20,-1,foreground_missing_ratio,kl,0.0743322243601752,200
100,foreground_rescue_20,-1,background_selection_ratio,gt_probability_drop,-0.18727022248959527,200
100,foreground_rescue_20,0,background_selection_ratio,kl,0.02437032581711592,50
100,foreground_rescue_20,0,foreground_missing_ratio,kl,-0.2186840111293986,50
100,foreground_rescue_20,0,background_selection_ratio,gt_probability_drop,-0.08032113301854181,50
100,foreground_rescue_20,1,background_selection_ratio,kl,0.12505706748662837,50
100,foreground_rescue_20,1,foreground_missing_ratio,kl,0.13014605825348285,50
100,foreground_rescue_20,1,background_selection_ratio,gt_probability_drop,-0.08042471416543062,50
100,foreground_rescue_20,2,background_selection_ratio,kl,-0.025081085604719652,50
100,foreground_rescue_20,2,foreground_missing_ratio,kl,-0.015528454218083807,50
100,foreground_rescue_20,2,background_selection_ratio,gt_probability_drop,0.09085887524621622,50
100,foreground_rescue_20,3,background_selection_ratio,kl,-0.22823924269590792,50
100,foreground_rescue_20,3,foreground_missing_ratio,kl,0.31604809925209687,50
100,foreground_rescue_20,3,background_selection_ratio,gt_probability_drop,-0.37969399911222407,50
100,foreground_rescue_5,-1,background_selection_ratio,kl,0.18616207709914037,200
100,foreground_rescue_5,-1,foreground_missing_ratio,kl,0.3281490104051698,200
100,foreground_rescue_5,-1,background_selection_ratio,gt_probability_drop,-0.0794243103769299,200
100,foreground_rescue_5,0,background_selection_ratio,kl,0.21905109055922775,50
100,foreground_rescue_5,0,foreground_missing_ratio,kl,0.27187947189216166,50
100,foreground_rescue_5,0,background_selection_ratio,gt_probability_drop,-0.3754475151633704,50
100,foreground_rescue_5,1,background_selection_ratio,kl,0.31264738917505036,50
100,foreground_rescue_5,1,foreground_missing_ratio,kl,0.35567715794977567,50
100,foreground_rescue_5,1,background_selection_ratio,gt_probability_drop,0.09618810358844952,50
100,foreground_rescue_5,2,background_selection_ratio,kl,0.26862738416010423,50
100,foreground_rescue_5,2,foreground_missing_ratio,kl,0.21485341136732838,50
100,foreground_rescue_5,2,background_selection_ratio,gt_probability_drop,0.2717029034063022,50
100,foreground_rescue_5,3,background_selection_ratio,kl,0.08210161329303858,50
100,foreground_rescue_5,3,foreground_missing_ratio,kl,0.34626005772438617,50
100,foreground_rescue_5,3,background_selection_ratio,gt_probability_drop,-0.11248113296587253,50
100,random,-1,background_selection_ratio,kl,0.08461357299066265,200
100,random,-1,foreground_missing_ratio,kl,0.10211281777494226,200
100,random,-1,background_selection_ratio,gt_probability_drop,-0.028296326487387728,200
100,random,0,background_selection_ratio,kl,0.30557035512677166,50
100,random,0,foreground_missing_ratio,kl,0.23159310739082817,50
100,random,0,background_selection_ratio,gt_probability_drop,-0.15365027136525464,50
100,random,1,background_selection_ratio,kl,0.27283043216210856,50
100,random,1,foreground_missing_ratio,kl,0.16807210238565007,50
100,random,1,background_selection_ratio,gt_probability_drop,0.31140765476330945,50
100,random,2,background_selection_ratio,kl,0.01191878350171029,50
100,random,2,foreground_missing_ratio,kl,0.13685273134102002,50
100,random,2,background_selection_ratio,gt_probability_drop,0.10625979968661876,50
100,random,3,background_selection_ratio,kl,0.00860122245464297,50
100,random,3,foreground_missing_ratio,kl,0.262677679903337,50
100,random,3,background_selection_ratio,gt_probability_drop,-0.0889433673941013,50
100,random_rescue_10,-1,background_selection_ratio,kl,0.2929503915706242,200
100,random_rescue_10,-1,foreground_missing_ratio,kl,0.3671611166810412,200
100,random_rescue_10,-1,background_selection_ratio,gt_probability_drop,0.017958250796465545,200
100,random_rescue_10,0,background_selection_ratio,kl,0.2863186473019208,50
100,random_rescue_10,0,foreground_missing_ratio,kl,0.3573143827308575,50
100,random_rescue_10,0,background_selection_ratio,gt_probability_drop,-0.2700729359055721,50
100,random_rescue_10,1,background_selection_ratio,kl,0.5881508067119913,50
100,random_rescue_10,1,foreground_missing_ratio,kl,0.5304897345293789,50
100,random_rescue_10,1,background_selection_ratio,gt_probability_drop,0.21781048673576073,50
100,random_rescue_10,2,background_selection_ratio,kl,0.3772598878831304,50
100,random_rescue_10,2,foreground_missing_ratio,kl,0.26217303775433387,50
100,random_rescue_10,2,background_selection_ratio,gt_probability_drop,0.33091370056067115,50
100,random_rescue_10,3,background_selection_ratio,kl,0.020141821660181802,50
100,random_rescue_10,3,foreground_missing_ratio,kl,0.2776870646437928,50
100,random_rescue_10,3,background_selection_ratio,gt_probability_drop,-0.12676368429092938,50
100,random_rescue_20,-1,background_selection_ratio,kl,0.21430460752418182,200
100,random_rescue_20,-1,foreground_missing_ratio,kl,0.2988709912609011,200
100,random_rescue_20,-1,background_selection_ratio,gt_probability_drop,0.020061645592255248,200
100,random_rescue_20,0,background_selection_ratio,kl,0.4172706729499629,50
100,random_rescue_20,0,foreground_missing_ratio,kl,0.4125741553101334,50
100,random_rescue_20,0,background_selection_ratio,gt_probability_drop,-0.25154580918323216,50
100,random_rescue_20,1,background_selection_ratio,kl,0.4772378567553813,50
100,random_rescue_20,1,foreground_missing_ratio,kl,0.37679489200356625,50
100,random_rescue_20,1,background_selection_ratio,gt_probability_drop,0.2004764550449939,50
100,random_rescue_20,2,background_selection_ratio,kl,0.22658918867329772,50
100,random_rescue_20,2,foreground_missing_ratio,kl,0.28891130133742726,50
100,random_rescue_20,2,background_selection_ratio,gt_probability_drop,0.27223374533988653,50
100,random_rescue_20,3,background_selection_ratio,kl,-0.057035746752020076,50
100,random_rescue_20,3,foreground_missing_ratio,kl,0.10523282587712482,50
100,random_rescue_20,3,background_selection_ratio,gt_probability_drop,-0.06723100671106581,50
100,random_rescue_5,-1,background_selection_ratio,kl,0.26504262744379486,200
100,random_rescue_5,-1,foreground_missing_ratio,kl,0.4204811647599052,200
100,random_rescue_5,-1,background_selection_ratio,gt_probability_drop,0.03451641846175816,200
100,random_rescue_5,0,background_selection_ratio,kl,0.4918043417358457,50
100,random_rescue_5,0,foreground_missing_ratio,kl,0.5199327719577066,50
100,random_rescue_5,0,background_selection_ratio,gt_probability_drop,-0.4581072599689775,50
100,random_rescue_5,1,background_selection_ratio,kl,0.3583964695051075,50
100,random_rescue_5,1,foreground_missing_ratio,kl,0.49987994275619696,50
100,random_rescue_5,1,background_selection_ratio,gt_probability_drop,0.33277268436141566,50
100,random_rescue_5,2,background_selection_ratio,kl,0.3486473230138092,50
100,random_rescue_5,2,foreground_missing_ratio,kl,0.28706571594627117,50
100,random_rescue_5,2,background_selection_ratio,gt_probability_drop,0.3711375982957475,50
100,random_rescue_5,3,background_selection_ratio,kl,0.08508802432002079,50
100,random_rescue_5,3,foreground_missing_ratio,kl,0.34770915738863023,50
100,random_rescue_5,3,background_selection_ratio,gt_probability_drop,-0.03341026943639234,50
100,student,-1,background_selection_ratio,kl,0.3147190475617109,200
100,student,-1,foreground_missing_ratio,kl,0.3629253915660248,200
100,student,-1,background_selection_ratio,gt_probability_drop,0.05312991148200471,200
100,student,0,background_selection_ratio,kl,0.41571178668972114,50
100,student,0,foreground_missing_ratio,kl,0.39188281629588245,50
100,student,0,background_selection_ratio,gt_probability_drop,-0.35094300623921904,50
100,student,1,background_selection_ratio,kl,0.5041098219680862,50
100,student,1,foreground_missing_ratio,kl,0.40115274932016304,50
100,student,1,background_selection_ratio,gt_probability_drop,0.30367714103683907,50
100,student,2,background_selection_ratio,kl,0.4951585986378737,50
100,student,2,foreground_missing_ratio,kl,0.35900021619510264,50
100,student,2,background_selection_ratio,gt_probability_drop,0.4652203409756653,50
100,student,3,background_selection_ratio,kl,0.12314583727347715,50
100,student,3,foreground_missing_ratio,kl,0.3235054021608643,50
100,student,3,background_selection_ratio,gt_probability_drop,-0.013367646529491076,50
