method,seed,best_epoch,model_scale,partial_training,accuracy,worst_group_accuracy,train_weighted_accuracy,landbird_land,landbird_water,waterbird_land,waterbird_water
ce,0,56,deit,False,0.5987228167069382,0.19003115264797507,0.8918471943777966,0.9365853658536586,0.2957871396895787,0.19003115264797507,0.8847352024922118
foreground_rescue_10,0,78,deit,False,0.6042457714877459,0.20404984423676012,0.8864797151971101,0.9303769401330377,0.3144124168514412,0.20404984423676012,0.8769470404984424
foreground_rescue_20,0,61,deit,False,0.5875043148084225,0.2071651090342679,0.8913384488734353,0.930820399113082,0.2616407982261641,0.2071651090342679,0.9065420560747663
foreground_rescue_5,0,42,deit,False,0.608560579910252,0.21651090342679127,0.8823370271970067,0.9232815964523282,0.3286031042128603,0.21651090342679127,0.8785046728971962
full,0,3,deit,False,0.5507421470486711,0.19003115264797507,0.8478037643557869,0.8962305986696231,0.22838137472283815,0.19003115264797507,0.8302180685358256
random,0,31,deit,False,0.586468760787021,0.19937694704049844,0.8911113537485749,0.9334811529933481,0.2611973392461197,0.19937694704049844,0.897196261682243
random_rescue_10,0,50,deit,False,0.59285467725233,0.19003115264797507,0.8884022453381825,0.9277161862527716,0.2851441241685144,0.19003115264797507,0.9003115264797508
student,0,28,deit,False,0.5780117362789092,0.20404984423676012,0.8919326195715127,0.9330376940133037,0.23592017738359203,0.20404984423676012,0.9065420560747663
teacher,0,11,deit,False,0.8879875733517432,0.7738359201773836,0.9762624291707065,0.9893569844789357,0.7738359201773836,0.8457943925233645,0.9750778816199377
