epoch,mask_method,actual_swaps,full_teacher_correct,student_correct,correction_opportunity,kl,prediction_flip,gt_probability_drop,gt_probability,correct,kl_reduction_vs_student_mask,gt_probability_gain_vs_student_mask,foreground_selection_ratio,background_selection_ratio,foreground_missing_ratio,foreground_area_ratio,foreground_coverage_retained,foreground_patch_count
0,foreground_rescue_10,9.615,0.87,0.415,0.535,0.11422892,0.07,0.022691777,0.8130038,0.86,0.119824916,0.06971235,0.28933674,0.7106633,0.30992278,0.2299745,0.63526154,45.075
0,foreground_rescue_20,16.75,0.87,0.415,0.535,0.045553036,0.035,-0.010972774,0.8466683,0.885,0.1885008,0.103376895,0.36214286,0.63785714,0.15389158,0.2299745,0.76668733,45.075
0,foreground_rescue_5,4.94,0.87,0.415,0.535,0.13847207,0.1,0.047583956,0.7881116,0.82,0.09558177,0.044820167,0.24163266,0.7583673,0.44274485,0.2299745,0.52703387,45.075
0,random,0.0,0.87,0.415,0.535,0.16123016,0.095,0.068765834,0.7669298,0.795,0.072823666,0.023638293,0.23061223,0.7693877,0.50028646,0.2299745,0.5013036,45.075
0,random_rescue_10,9.615,0.87,0.415,0.535,0.17184345,0.115,0.073211364,0.7624842,0.795,0.062210385,0.01919276,0.19918367,0.80081636,0.5768022,0.2299745,0.42603764,45.075
0,random_rescue_20,16.75,0.87,0.415,0.535,0.12704095,0.075,0.055647146,0.78004843,0.805,0.10701288,0.03675698,0.20867348,0.7913265,0.5594778,0.2299745,0.4420129,45.075
0,random_rescue_5,4.94,0.87,0.415,0.535,0.24359341,0.14,0.102027886,0.7336677,0.76,-0.009539566,-0.009623763,0.19561224,0.80438775,0.5868833,0.2299745,0.41422707,45.075
0,student,0.0,0.87,0.415,0.535,0.23405384,0.135,0.09240413,0.7432915,0.775,0.0,0.0,0.1912245,0.8087755,0.5977776,0.2299745,0.405626,45.075
5,foreground_rescue_10,8.525,0.87,0.47,0.415,0.06436877,0.055,-0.013309316,0.8490049,0.895,0.066304035,0.036640886,0.33489797,0.665102,0.20654683,0.2299745,0.74166334,45.075
5,foreground_rescue_20,14.135,0.87,0.47,0.415,0.061468177,0.05,-0.021879675,0.85757524,0.9,0.06920463,0.045211244,0.39214286,0.6078571,0.0950805,0.2299745,0.83449847,45.075
5,foreground_rescue_5,4.655,0.87,0.47,0.415,0.07196354,0.05,-0.00014952786,0.8358451,0.88,0.058709264,0.023481099,0.29540816,0.7045918,0.3032295,0.2299745,0.66050994,45.075
5,random,0.0,0.87,0.47,0.415,0.16123016,0.095,0.068765834,0.7669298,0.795,-0.03055736,-0.04543426,0.23061223,0.7693877,0.50028646,0.2299745,0.5013036,45.075
5,random_rescue_10,8.525,0.87,0.47,0.415,0.11164175,0.08,0.023797642,0.811898,0.85,0.019031048,-0.00046607197,0.24760205,0.752398,0.4437966,0.2299745,0.55043626,45.075
5,random_rescue_20,14.135,0.87,0.47,0.415,0.10955211,0.06,0.036534358,0.7991612,0.84,0.021120695,-0.013202789,0.24887754,0.7511224,0.44220275,0.2299745,0.5520498,45.075
5,random_rescue_5,4.655,0.87,0.47,0.415,0.12433204,0.09,0.033239886,0.80245566,0.84,0.00634077,-0.009908316,0.24627551,0.7537245,0.44735923,0.2299745,0.5481695,45.075
5,student,0.0,0.87,0.47,0.415,0.1306728,0.08,0.023331571,0.81236404,0.86,0.0,0.0,0.24790817,0.7520918,0.44290245,0.2299745,0.5523329,45.075
10,foreground_rescue_10,7.835,0.87,0.535,0.345,0.080056,0.055,0.005788965,0.82990664,0.875,0.10709231,0.05484601,0.34209183,0.6579082,0.18912022,0.2299745,0.7635923,45.075
10,foreground_rescue_20,12.755,0.87,0.535,0.345,0.08728275,0.05,-0.0021131686,0.8378088,0.88,0.09986558,0.06274815,0.39229593,0.6077041,0.09334752,0.2299745,0.84441626,45.075
10,foreground_rescue_5,4.275,0.87,0.535,0.345,0.15034068,0.085,0.036373924,0.79932165,0.835,0.03680764,0.024261052,0.3057653,0.69423467,0.27386576,0.2299745,0.69231224,45.075
10,random,0.0,0.87,0.535,0.345,0.16123016,0.095,0.068765834,0.7669298,0.795,0.025918152,-0.008130854,0.23061223,0.7693877,0.50028646,0.2299745,0.5013036,45.075
10,random_rescue_10,7.835,0.87,0.535,0.345,0.12896381,0.065,0.032044295,0.8036513,0.855,0.058184505,0.028590681,0.26352042,0.7364796,0.3921813,0.2299745,0.5959734,45.075
10,random_rescue_20,12.755,0.87,0.535,0.345,0.16089474,0.085,0.051463842,0.7842317,0.825,0.026253581,0.009171136,0.26127553,0.7387245,0.3978149,0.2299745,0.5922459,45.075
10,random_rescue_5,4.275,0.87,0.535,0.345,0.15515427,0.07,0.0430472,0.7926484,0.84,0.031994045,0.017587775,0.2609694,0.7390306,0.3991799,0.2299745,0.59034747,45.075
10,student,0.0,0.87,0.535,0.345,0.18714832,0.095,0.060634974,0.7750606,0.815,0.0,0.0,0.26214284,0.7378571,0.39499652,0.2299745,0.59502786,45.075
20,foreground_rescue_10,7.865,0.87,0.56,0.325,0.0863307,0.055,0.022208752,0.8134869,0.845,0.21080847,0.077525586,0.325,0.675,0.22893515,0.2299745,0.7275267,45.075
20,foreground_rescue_20,12.99,0.87,0.56,0.325,0.0982855,0.06,0.0036033648,0.8320922,0.87,0.19885364,0.096130975,0.3772959,0.6227041,0.12161976,0.2299745,0.8194654,45.075
20,foreground_rescue_5,4.3,0.87,0.56,0.325,0.20011105,0.12,0.053057615,0.78263795,0.81,0.09702811,0.046676725,0.28862247,0.71137756,0.32384175,0.2299745,0.6490102,45.075
20,random,0.0,0.87,0.56,0.325,0.16123016,0.095,0.068765834,0.7669298,0.795,0.13590899,0.030968511,0.23061223,0.7693877,0.50028646,0.2299745,0.5013036,45.075
20,random_rescue_10,7.865,0.87,0.56,0.325,0.18686526,0.1,0.056963515,0.77873206,0.82,0.110273905,0.042770825,0.24714285,0.75285715,0.4465704,0.2299745,0.5524907,45.075
20,random_rescue_20,12.99,0.87,0.56,0.325,0.21896227,0.135,0.059647508,0.77604806,0.805,0.078176886,0.040086832,0.2569898,0.74301016,0.42459938,0.2299745,0.57056177,45.075
20,random_rescue_5,4.3,0.87,0.56,0.325,0.2506106,0.13,0.08627364,0.7494219,0.78,0.046528563,0.013460699,0.24556121,0.75443876,0.4487296,0.2299745,0.54908144,45.075
20,student,0.0,0.87,0.56,0.325,0.29713917,0.155,0.09973434,0.7359612,0.765,0.0,0.0,0.2447449,0.7552551,0.45219517,0.2299745,0.5464429,45.075
40,foreground_rescue_10,8.27,0.87,0.545,0.345,0.12795798,0.09,0.0025880402,0.83310753,0.87,0.12712078,0.07106117,0.32545918,0.67454076,0.23141846,0.2299745,0.72197264,45.075
40,foreground_rescue_20,13.725,0.87,0.545,0.345,0.08634797,0.065,-0.014455676,0.8501513,0.895,0.16873078,0.08810489,0.38112244,0.6188776,0.11699037,0.2299745,0.8193424,45.075
40,foreground_rescue_5,4.555,0.87,0.545,0.345,0.16911423,0.1,0.038853496,0.7968421,0.83,0.08596454,0.034795716,0.28755102,0.71244895,0.32871085,0.2299745,0.6423983,45.075
40,random,0.0,0.87,0.545,0.345,0.16123016,0.095,0.068765834,0.7669298,0.795,0.09384859,0.0048833834,0.23061223,0.7693877,0.50028646,0.2299745,0.5013036,45.075
40,random_rescue_10,8.27,0.87,0.545,0.345,0.18521631,0.13,0.04346015,0.79223543,0.83,0.06986243,0.030189065,0.24454083,0.7554592,0.45898002,0.2299745,0.5384198,45.075
40,random_rescue_20,13.725,0.87,0.545,0.345,0.16949151,0.1,0.044733595,0.790962,0.83,0.085587226,0.02891562,0.25005102,0.749949,0.44437805,0.2299745,0.5513876,45.075
40,random_rescue_5,4.555,0.87,0.545,0.345,0.24602337,0.16,0.06417902,0.77151656,0.8,0.009055387,0.009470198,0.24127552,0.7587245,0.46336296,0.2299745,0.5348808,45.075
40,student,0.0,0.87,0.545,0.345,0.25507876,0.16,0.07364921,0.76204634,0.79,0.0,0.0,0.24107143,0.7589286,0.46713942,0.2299745,0.53155935,45.075
60,foreground_rescue_10,8.45,0.87,0.565,0.325,0.11901248,0.08,0.0105259,0.8251697,0.85,0.10563959,0.043240774,0.33122447,0.6687755,0.21713947,0.2299745,0.731624,45.075
60,foreground_rescue_20,13.765,0.87,0.565,0.325,0.09991254,0.07,-0.018826364,0.85452193,0.89,0.124739535,0.07259304,0.38545918,0.6145408,0.10830123,0.2299745,0.8236737,45.075
60,foreground_rescue_5,4.69,0.87,0.565,0.325,0.16178411,0.1,0.029175602,0.80652,0.84,0.062867954,0.024591077,0.29285714,0.7071429,0.31488982,0.2299745,0.6499264,45.075
60,random,0.0,0.87,0.565,0.325,0.16123016,0.095,0.068765834,0.7669298,0.795,0.063421905,-0.014999154,0.23061223,0.7693877,0.50028646,0.2299745,0.5013036,45.075
60,random_rescue_10,8.45,0.87,0.565,0.325,0.16980565,0.115,0.036152724,0.79954284,0.835,0.05484643,0.017613953,0.24596938,0.7540306,0.4556697,0.2299745,0.5420201,45.075
60,random_rescue_20,13.765,0.87,0.565,0.325,0.19543274,0.115,0.040123373,0.7955722,0.835,0.029219339,0.013643306,0.25163266,0.7483673,0.443066,0.2299745,0.552185,45.075
60,random_rescue_5,4.69,0.87,0.565,0.325,0.20896603,0.135,0.05521705,0.78047854,0.805,0.01568605,-0.0014503743,0.24454083,0.7554592,0.45967007,0.2299745,0.5371549,45.075
60,student,0.0,0.87,0.565,0.325,0.22465208,0.125,0.053766675,0.78192896,0.825,0.0,0.0,0.245,0.755,0.45961356,0.2299745,0.53739405,45.075
80,foreground_rescue_10,8.395,0.87,0.57,0.315,0.11106987,0.08,-0.007922479,0.8436181,0.89,0.08797837,0.054415207,0.33663264,0.66336733,0.2054941,0.2299745,0.7452731,45.075
80,foreground_rescue_20,13.685,0.87,0.57,0.315,0.08118623,0.07,-0.016024936,0.8517205,0.9,0.11786201,0.062517665,0.39061224,0.60938776,0.098007225,0.2299745,0.8357998,45.075
80,foreground_rescue_5,4.625,0.87,0.57,0.315,0.15254791,0.095,0.026931021,0.8087646,0.845,0.04650033,0.019561706,0.29816326,0.7018367,0.3035801,0.2299745,0.66538775,45.075
80,random,0.0,0.87,0.57,0.315,0.16123016,0.095,0.068765834,0.7669298,0.795,0.037818078,-0.022273105,0.23061223,0.7693877,0.50028646,0.2299745,0.5013036,45.075
80,random_rescue_10,8.395,0.87,0.57,0.315,0.17251381,0.115,0.044501223,0.7911944,0.825,0.026534429,0.0019915015,0.25219387,0.7478061,0.43977204,0.2299745,0.5577462,45.075
80,random_rescue_20,13.685,0.87,0.57,0.315,0.14254323,0.11,0.036902044,0.79879355,0.83,0.056505013,0.0095906835,0.25464284,0.74535716,0.43555394,0.2299745,0.55865896,45.075
80,random_rescue_5,4.625,0.87,0.57,0.315,0.16441125,0.12,0.028754495,0.8069411,0.85,0.034637004,0.017738234,0.24969387,0.75030607,0.446244,0.2299745,0.5519309,45.075
80,student,0.0,0.87,0.57,0.315,0.19904824,0.12,0.04649273,0.78920287,0.82,0.0,0.0,0.25096938,0.7490306,0.4449012,0.2299745,0.553075,45.075
100,foreground_rescue_10,8.445,0.87,0.57,0.315,0.12834965,0.1,0.014176849,0.8215187,0.84,0.092138834,0.03999806,0.3340306,0.6659694,0.21056265,0.2299745,0.7393147,45.075
100,foreground_rescue_20,13.855,0.87,0.57,0.315,0.0902068,0.065,-0.019280529,0.8549761,0.885,0.13028167,0.07345543,0.3892347,0.6107653,0.10001595,0.2299745,0.8321533,45.075
100,foreground_rescue_5,4.615,0.87,0.57,0.315,0.12524766,0.09,0.019646384,0.8160492,0.85,0.09524083,0.034528524,0.29494897,0.70505106,0.31071016,0.2299745,0.65682447,45.075
100,random,0.0,0.87,0.57,0.315,0.16123016,0.095,0.068765834,0.7669298,0.795,0.059258312,-0.014590924,0.23061223,0.7693877,0.50028646,0.2299745,0.5013036,45.075
100,random_rescue_10,8.445,0.87,0.57,0.315,0.18241993,0.125,0.03969506,0.79600054,0.835,0.038068544,0.014479843,0.24831633,0.75168365,0.44923425,0.2299745,0.54494125,45.075
100,random_rescue_20,13.855,0.87,0.57,0.315,0.18516552,0.135,0.047007747,0.7886878,0.815,0.03532296,0.0071671586,0.25163266,0.7483673,0.44122204,0.2299745,0.55366546,45.075
100,random_rescue_5,4.615,0.87,0.57,0.315,0.18860243,0.12,0.0509284,0.78476715,0.81,0.031886045,0.00324651,0.24683674,0.7531633,0.45407918,0.2299745,0.5428082,45.075
100,student,0.0,0.87,0.57,0.315,0.22048847,0.135,0.054174904,0.78152066,0.815,0.0,0.0,0.24785715,0.75214285,0.4506892,0.2299745,0.5457152,45.075
